0,0,0
0,0,0
0,0,0
0,0,0
0,0,0
0,0,0
0,0,0
0,0,0
0,0,0
0,0,0
0,0,0
0,0,0
0,0,0
0,0,0
0,0,0
0,0,0
0,0,0
0,0,0
0,0,0
0,0,0
0,0,0
0,0,0
0,0,0
0,0,0
0,0,0
0,0,0
0,0,0
0,0,0
-1,0,0.0633257
-1,0,0.0347811
-1,0,0.0166404
-1,0,0.0166404
-1,0,0.00609093
-1,0,0
-1,0,0
-1,0,0
-1,0,0
-1,0,0
-1,0,0
-1,0,0
-1,0,0
-1,0,0
-1,0,0
-1,0,0
-1,0,0
-1,0,0
-1,0,0
-1,0,0
-1,0,0
-1,0,0
-1,0,0
-1,0,0
-1,0,0
-1,0,0
-1,0,0
-1,0,0
-1,0,0
-1,0,0
-1,0,0
-1,0,0
-1,0,0
-1,0,0
-1,0,0
-1,0,0
-1,0,0
-1,0,0
-1,0,0
-1,0,0
-1,0,0
-1,0,0
-0.9795473,0,0
-0.9177368,0,0
-0.9177368,0,0
-0.825842,0,0
-0.825842,0,0
-0.718632,0,0
-0.630379,0,0
-0.630379,0,0
-0.537632,0,0
-0.537632,0,0
-0.463,0,0
-0.463,0,0
-0.384895,0,0
-0.384895,0,0
-0.335526,0,0
-0.269737,0,0
-0.269737,0,0
-0.203947,0,0
-0.125842,0,0
-0.125842,0,0
-0.014789,0,0
-0.014789,0,0
0,0,0
0,0,0.00256761
0,0,0.00121096
0,0,0.00121096
0,0,0.00129849
0,0,0.00177177
0,0,0.00177177
0,0,0
0,0,0
0,0,0
0,0,0
0,0,0.00103162
0,0,0.00103162
-0.183368,0,0
-0.550158,0,0
-0.550158,0,0
-0.809105,0,0
-0.9762105,0,0
-0.9762105,0,0
-1,0,0
-1,0,0
-1,0,0
-1,0,0
-1,0,0
-1,0,0
-1,0,0
-1,0,0
-1,0,0
-1,0,0
-1,0,0
-1,0,0
-1,0,0
-1,0,0
-1,0,0
-1,0,0
-1,0,0
-1,0,0
-1,0,0
-0.9177052,0,0
-0.9177052,0,0
-0.880158,0,0
-0.875947,0,0
-0.875947,0,0
-0.875947,0,0
-0.875947,0,0
-0.875947,0,0
-0.875947,0,0
-0.875947,0,0
-0.875947,0,0
-0.9018526,0,0
-0.9018526,0,0
-0.9469474,0,0
-0.9469474,0,0
-1,0,0
-1,0,0
-1,0,0
-1,0,0
-1,0,0
-1,0,0
-1,0,0
-1,0,0
-1,0,0
-1,0,0
-1,0,0
-1,0,0
-1,0,0
-1,0,0
-1,0,0
-1,0,0
-1,0,0
-1,0,0
-1,0,0
-1,0,0
-1,0,0
-1,0,0
-1,0,0
-1,0,0
-1,0,0
-1,0,0
-1,0,0
-1,0,0
-1,0,0
-1,0,0
-1,0,0
-1,0,0
-1,0,0
-1,0,0
-0.9762105,0,0
-0.9762105,0,0
-0.9762105,0,0
-0.9762105,0,0
-0.9762105,0,0
-0.9762105,0,0
-0.9762105,0,0
-0.9762105,0,0
-0.9762105,0,0
-0.9762105,0,0
-1,0,0
-1,0,0
-1,0,0
-1,0,0
-1,0,0
-1,0,0
-1,0,0
-1,0,0
-1,0,0
-1,0,0
-1,0,0
-1,0,0
-1,0,0
-1,0,0
-1,0,0
-1,0,0
-1,0,0
-1,0,0
-0.802442,0,0
-0.802442,0,0
-0.376631,0,0
-0.376631,0,0.00110911
-0.033568,0,0.00144757
-0.033568,0,0.00144757
0,0,0.00147885
0,0,0.00147885
0,0,0.00162667
0,0,0.00131152
0,0,0.00131152
0,0,0
0,0,0.00363923
0,0,0.00363923
0,0,0.00306818
0,0,0.00242849
0,0,0
0,0,0
0,0,0.00147613
0,0,0.00143164
0,0,0.00143164
0,0,0.00110984
0,0,0.00110984
0,0,0
0,0,0
0,0,0
0,0,0
0,0,0
0,0,0
0,0,0
0,0,0
0,0,0
0,0,0
0,0,0
0,0,0
0,0,0
0,0,0
0,0,0
0,0,0
0,0,0
0,0,0
0,0,0
0,0,0
0,0,0
0,0,0
0,0,0
0,0,0
0,0,0
0,0,0
0,0,0
0,0,0
0,0,0
0,0,0
0,0,0
0,0,0
0,0,0
0,0,0
0,0,0
0,0,0
0,0,0
0,0,0
0,0,0
0,0,0
0,0,0
0,0,0
0,0,0
0,0,0
0,0,0
0,0,0
0,0,0
0,0,0
0,0,0
0,0,0
0,0,0
0,0,0
0,0,0
0,0,0
0,0,0
0,0,0
0,0,0
0,0,0
0,0,0
0,0,0
0,0,0
0,0,0
0,0,0
0,0,0
0,0,0
0,0,0
0,0,0
0,0,0
0,0,0
0,0,0
0,0,0
0,0,0.0145632
1,0,0.0145632
1,0,0.0386559
1,0,0.0386559
1,0,0.0690303
1,0,0.139101
1,0,0.139101
1,0,0.240468
1,0,0.240468
1,0,0.430116
1,0,0.600188
1,0,0.600188
0.963,0,0.823271
0.5,0,0.823271
0.383,0,1.16425
0.383,0,1.16425
0.0613684,0,1.54947
0.0613684,0,1.54947
0.0154737,0,1.89994
0.0154737,0,2.24481
0.0154737,0,2.24481
0.0363158,0,2.65435
0.0405264,0,3.06921
0.0405264,0,3.06921
0.0663895,0,3.50587
0.0898,0,3.96176
0.0898,0,3.96176
0.103158,0,4.43284
0.103158,0,4.43284
0.103158,0,4.91776
0.110663,0,5.40671
0.110663,0,5.40671
0.211737,0,5.88263
0.349579,0,6.35364
0.349579,0,6.35364
0.470695,0,6.75588
0.527968,0,7.18074
0.527968,0,7.18074
0.578105,0,7.6953
0.578105,0,7.6953
0.598684,0,8.13355
0.598684,0,8.13355
0.615105,0,8.7144
0.615105,0,9.12806
0.615105,0,9.12806
0.615105,0,9.59245
0.615105,0,10.0585
0.615105,0,10.0585
0.615105,0,10.689
0.615105,0,10.689
0.615105,0,11.0025
0.615105,0,11.0025
0.615105,0,11.3892
0.615105,0,11.7094
0.615105,0,11.7094
0.615105,0,12.0114
0.623369,0,12.0114
0.623369,0,12.3138
0.637326,0,12.6233
0.648,0,12.6233
0.648,0,12.9391
0.654621,0,13.2591
0.654621,0,13.2591
0.656263,0,13.582
0.656263,0,13.9066
0.656263,0,13.9066
0.656263,0,14.2497
0.656263,0,14.5613
0.656263,0,14.5613
0.656263,-1.22239,14.9075
0.656263,-0.720236,15.2416
0.656263,-0.720236,15.2416
0.656263,-0.185737,15.579
0.656263,0.33889,15.9202
0.656263,0.33889,15.9202
0.656263,0.874889,16.2642
0.656263,1.4501,16.6117
0.656263,1.4501,16.6117
0.656263,1.98158,16.9632
0.656263,2.55251,17.3187
0.656263,2.55251,17.3187
0.656263,3.16484,17.6965
0.656263,3.73033,18.0419
0.656263,3.73033,18.0419
0.656263,4.36812,18.4296
0.656263,4.36812,18.4296
0.656263,4.98363,18.8116
0.656263,5.61689,19.2042
0.656263,5.61689,19.2042
0.656263,6.26332,19.6049
0.656263,6.92317,20.0095
0.656263,6.92317,20.0095
0.656263,7.59649,20.4188
0.656263,8.28359,20.8384
0.656263,8.28359,20.8384
0.656263,9.02005,21.2585
0.656263,9.02005,21.2585
0.656263,9.73574,21.6982
0.656263,10.4653,22.0963
0.656263,10.4653,22.0963
0.656263,11.246,22.5418
0.656263,12.0042,22.9724
0.656263,12.0042,22.9724
0.656263,12.7769,23.4071
0.656263,13.5641,23.84
0.656263,13.5641,23.84
0.656263,14.3655,24.263
0.656263,15.2189,24.6796
0.656263,15.2189,24.6796
0.656263,16.0068,25.0886
0.656263,16.8919,25.5098
0.656263,16.8919,25.5098
0.656263,18.0082,25.9064
0.656263,18.0082,26.0239
0.656263,18.0082,26.0239
0.656263,19.1908,26.5475
0.656263,20.0819,26.9353
0,20.0819,26.9353
0,20.997,27.0521
0.131253,21.9447,27.1785
0.131253,21.9447,27.1785
0.656263,22.8554,27.5085
0.656263,23.7799,27.9673
0.656263,23.7799,27.9673
0.686503,24.7209,28.4888
0.70148,25.6776,28.958
0.70148,25.6776,28.958
0.711778,26.682,29.3852
0.724093,27.6681,29.8544
0.724093,27.6681,29.8544
0.730263,28.6704,30.362
0.709684,29.7411,30.8803
0.709684,29.7411,30.8803
0.699832,30.7258,31.3861
0.693263,31.7716,31.8276
0.693263,31.7716,31.8276
0.693263,32.8906,32.2089
0.693263,32.8906,32.2089
0.693263,33.9141,32.5343
0.693263,35.0573,32.8952
0.693263,35.0573,32.8952
0.689158,36.1577,33.2339
0.689158,37.2783,33.5671
0.689158,37.2783,33.5671
0.689158,38.4007,33.8977
0.689158,39.5342,34.2286
0.689158,40.3342,34.4415
0.689158,41.0816,34.6675
0.689158,41.0816,34.6675
0.713789,42.2422,34.9917
0.713789,42.2422,34.9917
0.713789,43.8239,35.4182
0.713789,45.0084,35.761
0.713789,45.0084,35.761
0.722053,46.2038,36.0859
0.732726,46.2038,36.0859
0.732726,47.4114,36.414
0.744221,48.6285,36.7435
0.754126,49.4871,36.9777
0.754126,49.4871,36.9777
0.783737,51.1587,37.4226
0.783737,51.1587,37.4226
0.800158,52.4109,37.7795
0,53.6747,38.0996
0,53.6747,38.0996
0,54.9413,38.0687
0.919421,56.2093,38.1836
0.919421,56.2093,38.1836
1,57.4842,38.4494
1,58.7711,38.857
1,58.7711,38.857
1,60.1386,39.3805
1,60.1386,39.3805
1,61.3936,39.9658
1,62.7334,40.5534
1,62.7334,40.5534
1,64.1603,41.1359
1,65.4686,41.6239
1,65.4686,41.6239
1,66.9303,42.029
1,68.335,42.3925
1,68.335,42.3925
1,69.7517,42.7466
1,71.1812,43.1381
1,71.1812,43.1381
1,72.6233,43.5097
1,74.0779,43.8833
1,74.0779,43.8833
1,75.5444,44.2533
1,75.5444,44.2533
1,77.0976,44.6169
1,78.5891,44.9931
1,78.5891,44.9931
1,80.0173,45.3332
1,81.6079,45.7101
1,81.6079,45.7101
1,83.1355,46.0672
1,84.6748,46.4182
1,84.6748,46.4182
1,86.2259,46.7665
1,87.788,47.114
1,87.788,47.114
1,89.4414,47.4582
1,90.9483,47.8016
1,90.9483,47.8016
1,92.6264,48.163
1,94.2356,48.4993
1,94.2356,48.4993
1,95.8557,48.8286
1,97.4868,49.1576
1,97.4868,49.1576
1,99.1296,49.4897
1,100.784,49.4897
1,100.784,49.828
1,102.448,50.1547
1,102.448,50.1547
1,104.125,50.476
1,105.896,50.8119
1,107.508,51.1139
1,107.508,51.1139
1,109.304,51.4256
0,111.016,51.3647
0,111.016,51.3647
1,112.726,51.3786
1,112.726,51.3786
1,114.442,51.5217
1,116.162,51.7873
1,116.162,51.7873
1,117.893,52.1717
1,119.642,52.6037
1,119.642,52.6037
1,121.49,53.0298
1,123.263,53.3816
1,123.263,53.3816
1,124.959,53.6314
1,124.959,53.6314
1,126.839,53.9067
1,128.64,54.1737
1,128.64,54.1737
1,130.362,54.4261
1,132.271,54.7018
1,132.271,54.7018
1,134.098,54.9644
1,136.029,55.2224
1,136.029,55.2224
1,137.781,55.4736
1,139.725,55.72
1,139.725,55.72
1,141.59,55.987
1,143.46,56.2444
1,143.46,56.2444
1,145.338,56.4939
1,147.226,56.741
1,147.226,56.741
1,149.121,56.986
1,151.023,57.2283
1,151.023,57.2283
1,152.935,57.4698
1,152.935,57.4698
1,154.95,57.7247
1,156.781,57.9528
1,156.781,57.9528
1,158.813,58.1928
1,160.757,58.444
1,160.757,58.444
1,162.708,58.6684
1,164.079,58.8314
1,166.042,59.0627
1,166.042,59.0627
1,168.607,59.3751
1,168.607,59.3751
1,170.587,59.5968
1,172.577,59.8294
1,172.577,59.8294
1,174.675,60.0737
1,175.977,60.2209
1,175.977,60.2209
1,178.69,60.5203
1,180.71,60.7407
1,180.71,60.7407
1,182.736,60.9583
1,182.736,60.9583
1,184.77,61.1698
1,186.81,61.3814
0,188.139,61.3393
0,188.139,61.3393
0,190.283,61.2402
1,192.322,61.2641
1,192.322,61.2641
1,194.366,61.3907
1,194.366,61.3907
1,197.032,61.7416
1,199.197,62.0683
1,199.197,62.0683
1,201.27,62.3761
1,203.353,62.5669
1,203.353,62.5669
1,205.441,62.7597
1,207.537,62.9449
1,208.902,63.0732
1,208.902,63.0732
1,211.113,63.2781
1,213.224,63.4696
1,213.224,63.4696
1,215.345,63.6623
1,217.47,63.8614
1,217.47,63.8614
1,220.353,64.1254
1,220.353,64.1254
1,222.492,64.3194
1,222.492,64.3194
1,224.641,64.5163
1,226.794,64.7155
1,228.954,64.9126
1,228.954,64.9126
1,231.122,65.108
1,231.122,65.108
1,233.296,65.3082
1,234.821,65.4467
1,237.006,65.6424
1,237.006,65.6424
1,239.197,65.8364
1,241.395,66.0304
1,241.395,66.0304
1,244.371,66.2867
1,244.371,66.2867
1,246.584,66.4823
1,248.804,66.6768
1,248.804,66.6768
1,251.03,66.8653
1,253.26,67.0465
1,254.825,67.1691
1,254.825,67.1691
1,257.067,67.3593
1,259.316,67.5331
1,259.316,67.5331
1,261.571,67.7236
1,261.571,67.7236
1,264.625,67.967
1,266.893,68.1419
1,266.893,68.1419
1,269.17,68.3179
1,271.451,68.4958
1,271.451,68.4958
1,273.737,68.6685
1,275.227,68.7797
1,275.227,68.7797
1,277.638,68.9604
1,279.942,69.1286
1,279.942,69.1286
1,283.057,69.356
1,283.057,69.356
1,285.256,69.5168
1,287.695,69.6894
1,287.695,69.6894
1,290.021,69.8525
1,292.354,70.008
1,292.354,70.008
1,294.69,70.175
1,297.149,70.3415
1,297.149,70.3415
1,299.497,70.4996
1,301.731,70.645
1,301.731,70.645
0.8,304.206,70.7953
0,304.206,70.7953
0,306.561,70.6379
1,308.796,70.5791
1,308.796,70.5791
1,311.263,70.6199
1,313.619,70.7618
1,313.619,70.7618
1,315.982,70.9947
1,318.345,71.2443
1,318.345,71.2443
1,320.722,71.4226
1,320.722,71.4226
1,323.213,71.5567
1,325.601,71.6984
1,325.601,71.6984
1,327.98,71.8324
1,330.376,71.9645
1,330.376,71.9645
1,332.777,72.0961
1,334.326,72.1808
1,334.326,72.1808
1,337.577,72.3528
1,340.096,72.4829
1,340.096,72.4829
1,342.393,72.6044
1,344.936,72.73
1,344.936,72.73
1,347.347,72.853
1,347.347,72.853
1,349.655,72.9711
1,352.211,73.0946
1,352.211,73.0946
1,354.633,73.2141
1,357.075,73.3265
1,357.075,73.3265
1,359.504,73.4374
1,361.953,73.5467
1,361.953,73.5467
1,364.39,73.653
1,364.39,73.653
1,366.847,73.7493
1,369.415,73.85
1,369.415,73.85
1,371.877,73.9455
1,374.22,74.0355
1,374.22,74.0355
1,376.798,74.1293
1,379.271,74.2282
1,379.271,74.2282
1,381.731,74.3172
1,381.731,74.3172
1,384.21,74.4136
1,386.678,74.5044
1,386.678,74.5044
1,389.163,74.5947
1,391.638,74.6843
1,391.638,74.6843
1,394.253,74.7741
1,396.738,74.8679
1,396.738,74.8679
1,399.235,74.9565
1,401.735,74.9565
1,401.735,75.0456
1,404.231,75.1336
1,404.231,75.1336
1,406.862,75.2256
1,409.243,75.3084
1,409.243,75.3084
1,411.755,75.3949
1,414.396,75.4808
1,414.396,75.4808
1,416.787,75.5653
1,419.31,75.6496
1,419.31,75.6496
1,421.96,75.7398
1,424.492,75.8256
1,424.492,75.8256
1,427.78,75.9367
1,427.78,75.9367
1,431.204,76.0489
1,431.204,76.0489
1,433.743,76.1307
1,436.408,76.2169
1,436.408,76.2169
1,438.823,76.2954
1,441.494,76.3815
1,444.041,76.4634
1,444.041,76.4634
1,447.479,76.5729
1,447.479,76.5729
1,450.022,76.6524
1,450.022,76.6524
1,453.345,76.7547
1,453.345,76.7547
1,456.021,76.8395
1,458.583,76.9197
1,458.583,76.9197
1,461.148,76.9986
1,463.699,77.0769
1,463.699,77.0769
1,466.27,77.1552
1,468.824,77.2335
1,468.824,77.2335
1,471.399,77.3118
1,471.399,77.3118
1,473.955,77.3937
1,476.665,77.4811
1,476.665,77.4811
1,479.225,77.5576
1,481.811,77.6445
1,481.811,77.6445
1,484.377,77.7342
1,486.969,77.8224
1,487.877,77.8533
1,490.45,77.9365
1,490.45,77.9365
1,493.049,78.0262
1,493.049,78.0262
1,496.536,78.1415
0.63979,496.536,78.1415
0.112789,500.054,78.0634
-0.541821,500.054,78.0634
-0.541821,502.62,77.2587
-0.466305,505.053,76.4088
-0.466305,505.053,76.4088
-0.413632,507.694,75.4982
-0.413632,507.694,75.4982
-0.409526,511.054,74.4153
-0.409526,513.52,73.6183
-0.409526,513.52,73.6183
-0.491789,515.947,72.8788
-0.604474,518.363,72.1491
-0.604474,518.363,72.1491
-1,520.734,71.2434
-1,520.734,71.2434
-1,523.211,70.296
-1,525.418,69.2195
-0.911158,526.223,68.8341
-0.911158,526.223,68.8341
-0.299474,530.051,67.4965
-0.299474,530.051,67.4965
0.242263,532.184,67.2566
0.6277896,534.498,67.1855
0.6277896,534.498,67.1855
0.9368953,537.524,67.2984
0.9368953,537.524,67.2984
1,539.731,67.4695
1,541.983,67.4695
1,541.983,67.6299
1,544.202,67.8042
1,544.202,67.8042
0.991284,547.258,68.0289
0.657895,547.258,68.0289
0.657895,549.492,68.1446
-0.800789,551.756,67.5831
-0.9511578,552.492,67.2515
-1,554.605,66.2496
-1,554.605,66.2496
-1,556.905,65.1356
-1,556.905,65.1356
-1,559.732,63.7209
-1,559.732,63.7209
-1,561.84,62.7225
-1,563.811,61.767
-1,563.811,61.767
-1,565.863,60.739
-1,567.873,59.8041
-1,567.873,59.8041
-0.5,569.722,58.9577
-1,571.672,58.0637
-1,571.672,58.0637
-1,573.594,57.2029
-1,573.594,57.2029
-1,575.412,56.3368
-1,577.183,55.5487
-1,577.183,55.5487
-1,578.922,54.785
-1,580.734,54.1406
-1,580.734,54.1406
-0.5,582.527,53.5141
-0.9898941,582.527,53.5141
-0.9898941,584.131,52.9465
-0.9803727,585.876,52.3203
-0.9803727,585.876,52.3203
-0.9592009,587.603,51.7001
-0.9235723,589.183,48.6725
-0.9235723,589.183,48.6725
-0.873376,590.775,45.5632
-0.99514928,592.263,44.8594
-0.99514928,592.263,44.8594
-0.9866406,593.664,44.4912
-1,593.664,44.4912
-1,595.333,44.2263
-0.5,596.769,44.0402
-1,596.769,44.0402
-1,598.204,44.0146
-1,600.064,43.952
-1,600.064,43.952
-1,601.46,43.8584
-1,602.85,43.4851
-1,602.85,43.4851
-1,604.216,42.2205
-1,606.14,40.6785
-1,606.14,40.6785
-1,607.464,39.6605
-1,608.641,38.9189
-1,608.641,38.9189
-1,609.92,38.3465
-1,609.92,38.3465
-1,611.693,38.0182
-1,612.866,37.6276
-1,614.027,37.1161
-1,614.027,37.1161
-1,615.175,36.538
-1,615.175,36.538
-1,616.747,36.0019
-1,617.786,35.5173
-1,617.786,35.5173
-1,618.869,34.9766
-1,619.995,34.45
-1,620.315,34.2717
-1,621.565,33.7165
-1,621.565,33.7165
-1,622.534,33.1576
-1,622.534,33.1576
-1,623.894,32.3037
-0.5,624.89,31.6444
-0.5,624.89,31.6444
-0.5,626.249,30.749
-0.5,626.249,30.749
-1,627.5,29.8285
-1,627.5,29.8285
-1,628.413,29.1768
-1,628.731,28.9635
-1,629.63,28.3984
-1,629.63,28.3984
-1,630.784,27.6314
-1,631.134,27.3739
-1,631.134,27.3739
-1,632.24,26.5494
-1,633.011,25.9552
-1,633.333,25.7208
-1,633.333,25.7208
-1,634.53,22.8121
-1,634.53,22.8121
-1,635.189,22.1029
-1,635.189,22.1029
-0.5,636.111,21.3703
-0.5,636.412,21.1491
-1,636.412,21.1491
-1,637.237,20.5354
-1,637.211,20.0089
-1,637.416,19.8608
-1,637.416,19.8608
-0.99844185,638.17,19.1955
-0.9601432,638.757,18.6096
-0.9466623,638.976,18.3918
-0.9466623,638.976,18.3918
-0.9247579,639.653,17.807
-0.917115,640.211,17.363
-0.9186028,640.366,17.2321
-0.9186028,640.366,17.2321
-0.9193823,641.058,16.6489
-0.9207665,641.555,16.6489
-0.9195764,641.728,16.0405
-0.9195764,641.728,16.0405
-0.919157,642.371,15.4313
-0.9179789,642.513,15.2926
-0.9179789,642.513,15.2926
-0.9151885,643.303,14.4462
-0.9151885,643.303,14.4462
-0.9133373,643.839,13.8345
-0.9133373,643.839,13.8345
-0.9110899,644.394,13.2123
-0.9110899,644.394,13.2123
-0.9089411,643.013,12.5305
-0.9086615,643.135,12.4295
-0.9086615,643.135,12.4295
-0.9070429,643.693,11.6673
-0.9070429,643.693,11.6673
-0.9063862,643.693,11.6673
-0.9087955,644.199,10.8606
-0.9087955,644.199,10.8606
-0.9218856,644.587,10.265
-0.9218856,644.667,10.0507
-0.9218856,644.667,10.0507
-0.9367852,645.115,9.35358
-0.9367852,645.115,9.35358
-0.9463975,645.425,8.64238
-0.9507666,645.532,8.54514
-0.9507666,645.532,8.54514
-1,645.888,7.9771
-1,645.888,7.73371
-1,646.135,7.09035
-1,646.217,6.86395
-1,646.217,6.86395
-1,646.434,6.26104
-1,646.498,6.05591
-1,646.498,6.05591
-1,646.744,5.32011
-1,646.744,5.32011
-1,646.909,4.70774
-1,646.959,4.53079
-1,646.959,4.53079
-1,647.101,3.99573
-1,647.195,3.57019
-1,647.23,3.41866
-1,647.23,3.41866
-1,647.357,2.95061
-1,647.357,2.76088
-1,647.357,2.76088
-1,647.469,2.083
-1,647.469,2.083
-1,647.533,1.58125
-1,647.574,1.26201
-1,647.586,1.2008
-1,647.586,1.2008
-1,647.622,0.617236
-1,647.634,0.267495
-1,647.635,0.0471833
-1,647.635,0.0471833
0,647.633,0.0649837
0,647.633,0.0448715
0,647.633,0.0448715
1,647.632,0.0462516
1,647.632,0.0462516
1,647.631,0.0329341
1,647.631,0.0329341
1,647.63,0.0286752
1,647.629,0.0306907
1,647.628,0.0306907
1,647.628,0.0313265
1,647.628,0.0313265
0.370474,647.627,0.0350902
0.278579,647.626,0.0417401
0.161632,647.624,0.0903252
0.161632,647.624,0.0903252
0.150768,647.619,0.181266
0.150768,647.619,0.181266
-0.750474,647.617,0.0681086
-0.9327368,647.617,0.0146896
-0.9327368,647.617,0.0146896
-1,647.616,0.0181424
-1,647.617,0.00758413
0,647.617,0.00994308
0,647.617,0.00994308
1,647.617,0.0155865
1,647.617,0.0197781
1,647.617,0.0197781
1,647.617,0.0267786
1,647.617,0.0267786
1,647.619,0.06253
1,647.619,0.06253
1,647.623,0.152666
1,647.625,0.186194
1,647.632,0.303774
1,647.632,0.303774
1,647.647,0.505244
1,647.654,0.57823
1,647.654,0.57823
1,647.692,0.934587
1,647.692,0.934587
1,647.735,1.29177
1,647.751,1.39397
1,647.751,1.39397
1,647.811,1.81005
1,647.811,1.81005
1,647.897,2.30627
1,647.897,2.30627
1,647.998,2.86631
1,647.998,2.86631
1,648.127,3.47151
1,648.127,3.47151
1,648.282,4.08655
1,648.32,4.22206
1,648.456,4.65917
1,648.456,4.65917
0.642228,648.659,5.19539
0.571081,648.716,5.32975
0.571081,648.716,5.32975
0.398616,648.948,5.84906
0.404411,649.021,5.98159
0.404411,649.021,5.98159
0.420967,649.262,6.41537
0.433398,649.467,6.73561
0.438405,649.552,6.86912
0.438405,649.552,6.86912
0.457473,649.924,7.42131
0.457473,649.924,7.42131
0.467232,650.239,7.82455
0.467232,650.239,7.82455
0.475444,650.6,8.22229
0.475444,650.6,8.22229
0.481027,650.956,8.60748
0.482297,651.055,8.70448
0.484223,651.345,8.95864
0.484223,651.345,8.95864
0.319823,651.345,8.95864
0.0576972,648.43,9.24114
0.0576972,648.43,9.24114
0.0677318,648.788,9.22087
0.0677318,648.788,9.22087
0.0731514,649.089,9.14493
0.0806229,649.39,9.06739
0.0806229,649.39,9.06739
0.0941114,649.795,9.01203
0.0941114,649.795,9.01203
0.108163,650.199,9.00824
0.108163,650.199,9.00824
0.115485,650.498,9.03807
0.123784,650.796,9.09828
0.123784,650.796,9.09828
0.13527,651.095,9.19331
0.14704,651.395,9.3087
0.14704,651.395,9.3087
0.156765,651.712,9.44193
0.15781,652,9.58931
0.15781,652,9.58931
0.144053,652.321,9.74464
0.144053,652.321,9.74464
0.114678,652.628,9.91036
0.0663895,652.934,10.0632
0.0663895,652.934,10.0632
0,653.345,10.2649
0,653.345,10.2649
0,653.74,10.5083
0,653.74,10.5083
0.138242,654.051,10.788
0.140737,654.387,11.1837
0.140737,654.387,11.1837
0.174158,654.72,11.6302
0.318674,651.402,12.0381
0.318674,651.402,12.0381
0.423105,651.794,12.4456
0.512316,651.794,12.4456
0.512316,652.2,12.8962
0.516421,652.621,13.3654
0.516421,652.621,13.3654
0.516421,653.056,13.7296
0.5,653.523,14.0065
0.5,653.523,14.0065
0.492421,653.954,14.2579
0.483263,654.439,14.5213
0.483263,654.439,14.5213
0.483263,654.91,14.7912
0.5,655.22,14.9578
0.505747,655.703,14.9578
0.505747,655.703,15.2223
0.505747,655.703,15.2223
0.508211,656.37,15.5862
0.508211,656.874,15.8583
0.508211,656.874,15.8583
0.508211,657.567,16.2287
0.508211,657.567,16.2287
0.508211,657.567,16.2287
0.508211,656.331,16.6895
0.512316,656.858,16.9719
0.512316,656.858,16.9719
0.516421,657.451,17.2548
0.516421,658.026,17.556
0.516421,658.026,17.556
0.516421,658.58,17.832
0.516421,659.203,18.1367
0.516421,659.806,18.4299
0.516421,659.806,18.4299
0.470684,660.418,18.7233
0.470684,660.418,18.7233
0.428947,661.04,18.9959
0.374632,661.309,19.2411
0.356274,661.532,19.319
0.311147,662.174,19.5191
0.311147,662.174,19.5191
0.246021,663.05,19.7353
0.246021,663.05,19.7353
0.228474,663.704,19.8601
0.215947,664.362,19.971
0.215947,664.593,20.0027
0.211737,665.255,20.1102
0.211737,665.255,20.1102
0.211737,666.426,20.2121
0.211737,666.426,20.2121
0.211737,667.324,20.3509
0.241,667.324,20.3509
0.241,667.992,20.4523
0.257684,668.664,20.581
0.257684,668.664,20.581
0.261895,669.578,20.7712
0.261895,669.578,20.7712
0.199211,670.26,20.8964
0.0246211,671.945,20.922
0.0246211,671.945,20.922
-0.236789,672.846,20.5718
-0.236789,672.846,20.5718
-0.444811,673.5,20.1115
-0.459832,673.79,19.8848
-0.516421,674.361,19.4151
-0.516421,674.361,19.4151
-0.709684,675.162,18.6583
-0.709684,675.162,18.6583
-0.837158,675.785,17.9581
-0.894737,676.131,17.54
-0.937484,678.303,17.0068
-0.937484,678.303,17.0068
-0.976947,678.97,16.0553
-0.976947,678.97,16.0553
-0.981105,679.627,15.0198
-0.981105,679.627,15.0198
-0.981105,680.089,14.2661
-0.907053,680.532,13.5051
-0.907053,680.532,13.5051
-0.8329005,683.866,12.6046
-0.8329005,683.866,12.6046
-0.51414,684.214,12.0608
-0.51414,684.353,11.9153
-0.281443,684.799,11.5717
-0.281443,684.799,11.5717
-0.083579,685.257,11.499
-0.083579,685.257,11.4937
0.037569,685.596,11.4642
0.037569,685.596,11.4642
0.112737,689.68,11.434
0.125263,689.778,11.4415
0.095221,690.022,11.5106
0.095221,690.022,11.5106
0.0793685,690.384,11.5888
0.0793685,690.493,11.5914
0.108579,690.843,11.599
0.108579,690.843,11.599
0.1420001,691.148,11.5616
0.1420001,691.237,11.5433
0.1420001,691.237,11.5433
0.17,693.881,11.4926
0.165789,694.089,11.5047
0.165789,694.164,11.5183
0.165789,694.164,11.5183
0.165789,694.537,11.5635
0.165789,694.537,11.5635
0.190895,694.795,11.6684
0.190895,694.795,11.6684
0.224263,695.236,11.7452
0.224263,695.236,11.7553
0.224263,695.236,11.7553
0.232632,695.733,11.7949
0.232632,695.733,11.7949
0.232632,696.11,11.9225
0.232632,696.22,11.9564
0.232632,696.22,11.9564
0.232632,696.777,12.1192
0.232632,696.777,12.1192
0.232632,697.103,12.2609
0.232632,697.103,12.2609
0.232632,698.123,12.4421
0.232632,698.245,12.4736
0.141615,698.245,12.4736
0.136006,698.788,12.569
0.13292,698.788,12.569
0.13292,699.088,12.5931
0.13292,699.088,12.5931
0.128019,699.696,12.6267
0.128019,699.696,12.6267
0.127802,700.167,12.65
0.127785,700.333,12.6579
0.127418,700.671,12.674
0.127418,700.671,12.674
0.125549,701.19,12.6949
0.124714,701.366,12.7016
0.124714,701.366,12.7016
0.119549,701.841,12.7217
0.119549,701.982,12.7279
0.112972,702.386,12.7462
0.112972,702.386,12.7462
0.12739,702.832,12.7716
0.140737,702.986,12.7855
0.140737,702.986,12.7855
0.207579,703.614,12.8905
0.207579,703.614,12.8905
0.241,704.015,12.9963
0.241,704.015,12.9963
0.270211,704.567,13.1594
0.278579,704.984,13.3015
0.278579,705.152,13.3583
0.278579,705.152,13.3583
0.282737,705.687,13.5425
0.282737,705.687,13.5425
0.282737,706.321,13.7585
0.282737,706.321,13.7585
0.298611,706.879,13.9503
0.349579,707.334,13.9503
0.374632,707.54,14.2089
0.403895,707.959,14.2089
0.403895,707.959,14.393
0.403895,707.959,14.393
0.428116,708.293,14.6933
0.428947,708.758,14.9221
0.428947,708.758,14.9221
0.428947,709.231,15.1495
0.428947,709.714,15.3795
0.428947,709.714,15.3795
0.428947,710.379,15.6925
0.428947,710.379,15.6925
0.428947,710.379,15.6925
0.428947,711.061,15.9996
0.428947,711.577,16.2301
0.428947,711.759,16.3134
0.428947,711.759,16.3134
0.428947,712.662,16.7132
0.428947,712.662,16.7132
0.428947,712.898,16.927
0.428947,712.898,16.927
0.428947,713.594,17.2515
0.428947,713.594,17.2515
0.428947,714.362,17.5789
0.428947,714.362,17.5789
0.428947,715.064,17.8703
0.428947,715.064,17.8703
0.428947,715.665,18.1298
0.403895,716.248,18.3588
0.403053,716.454,18.4363
0.391368,717.05,18.6727
0.391368,717.05,18.6727
0.387158,717.869,18.9772
0.387158,717.869,18.9772
0.383,718.205,19.1908
0.369642,718.205,19.1908
0.369642,718.817,19.4262
0.349579,719.439,19.6411
0.291095,719.439,19.6411
0.291095,720.07,19.8401
0.237653,720.709,20.0058
0.237653,720.709,20.0058
0.161632,721.354,20.1003
0.136579,721.775,20.135
0.115684,722.458,20.1679
0.115684,722.458,20.1679
0.115684,723.082,20.1927
0.115684,723.082,20.1927
0.115684,723.725,20.2162
0.143263,723.725,20.2162
0.143263,724.337,20.2435
0.157474,725.018,20.2936
0.157474,725.018,20.2936
0.174158,725.67,20.3588
0.199211,726.326,20.4375
0.218719,726.788,20.5002
0.218719,726.788,20.5002
0.256021,727.453,20.6252
0.299474,727.883,20.7617
0.299474,727.883,20.7617
0.360453,728.581,20.9565
0.399684,729.255,21.1715
0.399684,729.255,21.1715
0.412211,729.938,21.4052
0.420579,729.938,21.4052
0.420579,730.631,21.6587
0.424789,731.335,21.9087
0.424789,731.335,21.9087
0.424789,732.085,22.1798
0.424789,732.774,22.4268
0.424789,732.774,22.4268
0.424789,733.394,22.6939
0.424789,734.132,22.9676
0.424789,734.132,22.9676
0.424789,734.881,23.2154
0.424789,734.881,23.2154
0.424789,735.871,23.5666
0.424789,735.871,23.5666
0.424789,736.683,23.8229
0.424789,737.467,24.0703
0.424789,737.467,24.0703
0.424789,738.262,24.3148
0.424789,738.958,24.5566
0.424789,738.958,24.5566
0.424789,739.765,24.7927
0.424789,740.336,24.9411
0.403895,741.159,24.9411
0.403895,741.159,25.1788
0.403895,741.992,25.4143
0.403895,741.992,25.4143
0.403895,742.835,25.6343
0.399684,743.624,25.8452
0.399684,743.624,25.8452
0.383,744.479,26.0571
0.383,744.479,26.0571
0.357947,745.647,26.318
0.351242,746.52,26.4807
0.351242,746.52,26.4807
0.349579,747.401,26.641
0.349579,747.401,26.641
0.345421,748.287,26.7974
0.334558,749.117,26.949
0.332895,749.743,27.0471
0.332895,749.743,27.0471
0.332895,750.643,27.1971
0.332895,751.502,27.3312
0.332895,751.502,27.3312
0,752.457,27.4082
0,753.368,27.4803
0,753.368,27.4803
0.332895,754.24,27.7267
0.332895,754.24,27.7267
0.332895,755.491,28.3498
0.332895,755.491,28.3498
0.332895,756.441,28.8393
0.332895,757.405,29.1861
0.332895,758.037,29.3137
0.332895,758.037,29.3137
0.332895,759.015,29.4508
0.302811,760.021,29.5966
0.302811,760.021,29.5966
0.2694,761.007,29.6997
0.261895,761.997,29.7823
0.261895,761.997,29.7823
0.282737,762.99,29.8719
0.332895,763.986,29.9802
0.332895,763.986,29.9802
0.395526,764.987,30.1263
0.428947,765.979,30.298
0.428947,765.979,30.298
0.5,767.348,30.298
0.5,767.348,30.5636
0.571547,768.37,30.7878
0.571547,768.37,30.7878
0.693263,769.401,31.1009
0.771368,770.421,31.452
0.771368,770.421,31.452
0.812474,771.475,31.8259
0.853632,772.541,32.2203
0.874158,773.296,32.5195
0.874158,773.296,32.5195
0.890632,774.387,32.9675
0.898842,774.387,32.9675
0.898842,775.492,33.3819
0.915316,776.594,33.81
0.932558,776.594,33.81
0.932558,777.728,34.2689
0.968737,778.878,34.7455
0.968737,778.878,34.7455
0.976947,780.103,35.2354
0.976947,781.281,35.7482
0.976947,781.281,35.7482
0.952316,782.905,36.3998
0.952316,782.905,36.3998
0.938305,784.065,36.8703
0.931737,785.363,37.3634
0.931737,785.363,37.3634
0.931737,786.62,37.8085
0,786.62,37.8085
0,787.88,37.805
0.931737,789.141,37.8925
0.931737,789.141,37.8925
0.931737,790.407,38.1347
0.970379,791.684,38.5181
1,792.595,38.8635
1,792.595,38.8635
1,794.361,39.59
1,794.361,39.59
1,795.69,40.1984
1,795.69,40.1984
1,796.981,40.7363
1,798.416,41.3067
1,798.416,41.3067
1,799.8,41.7352
1,801.196,42.0914
1,801.196,42.0914
1,802.605,42.4545
1,804.034,42.8449
1,804.034,42.8449
1,805.469,43.2242
1,806.915,43.5926
1,807.94,43.8478
1,807.94,43.8478
1,809.408,44.2207
1,809.408,44.2207
1,810.888,44.5905
1,810.888,44.5905
1,812.905,45.0838
1,814.417,45.4534
1,815.861,45.7926
1,815.861,45.7926
1,818.01,46.2857
1,818.01,46.2857
1,818.01,46.2857
1,820.65,46.8747
1,821.197,47.012
1,822.691,47.3342
1,822.691,47.3342
1,824.274,47.6916
1,825.95,48.0385
1,825.95,48.0385
1,828.041,48.4932
1,828.041,48.4932
1,829.744,48.8524
1,831.296,49.1754
1,831.87,49.2904
1,833.518,49.2904
1,833.518,49.6148
1,835.259,49.952
1,835.259,49.952
1,836.93,50.2989
1,838.528,50.6085
1,838.528,50.6085
1,840.81,51.0339
1,842.516,51.0339
1,842.516,51.3332
0,844.304,51.2369
0,844.816,51.2349
1,846.61,51.316
1,846.61,51.316
1,848.237,51.5081
1,850.035,51.8527
1,850.035,51.8527
1,852.293,52.3828
1,852.293,52.3828
1,854.133,52.8401
1,855.889,53.1985
1,855.889,53.1985
1,857.667,53.4913
1,857.667,53.4913
1,859.453,53.7565
1,861.238,54.0463
1,861.238,54.0463
1,863.044,54.319
1,864.858,54.5853
1,864.858,54.5853
1,866.76,54.8601
1,868.5,55.1086
1,868.5,55.1086
1,870.342,55.3772
1,872.271,55.6495
1,872.271,55.6495
1,874.037,55.8939
1,875.998,56.1676
1,875.998,56.1676
1,877.862,56.4205
1,877.862,56.4205
1,879.747,56.6732
1,881.64,56.9259
1,881.64,56.9259
1,883.528,57.1727
1,885.533,57.4356
1,885.533,57.4356
1,887.355,57.6693
1,888.687,57.8373
1,890.619,57.8373
1,890.619,58.0877
1,890.619,58.0877
1,894.487,58.5743
1,894.487,58.5743
1,894.487,58.5743
1,897.229,58.9126
0.956421,899.07,59.1267
0.956421,899.07,59.1267
0.952316,901.044,59.341
0.993421,903.024,59.5503
0.993421,903.024,59.5503
1,904.981,59.7896
1,906.978,60.0271
1,906.978,60.0271
1,909.044,60.2681
1,911.056,60.4959
1,911.056,60.4959
1,913.074,60.7057
1,913.074,60.7057
1,915.059,60.9351
1,916.38,61.0806
1,916.38,61.0806
1,919.133,61.3741
0,921.13,61.2856
0,921.13,61.2856
1,923.17,61.2351
1,924.496,61.2616
1,926.592,61.4046
1,926.592,61.4046
1,928.641,61.6508
1,928.641,61.6508
1,930.656,61.9661
1,932.725,62.2843
1,932.725,62.2843
1,934.804,62.5267
1,934.804,62.5267
1,937.586,62.7769
1,937.586,62.7769
1,939.68,62.9599
1,941.78,63.1471
1,941.78,63.1471
1,943.864,63.3311
1,946.083,63.5213
1,947.445,63.6388
1,947.445,63.6388
1,949.568,63.8177
1,951.697,63.9941
1,951.697,63.9941
1,951.697,63.9941
1,955.325,64.2892
1,956.397,64.376
1,956.397,64.376
1,959.621,64.6358
1,961.778,64.6358
1,961.778,64.8062
1,963.94,64.9783
1,963.94,64.9783
0.767263,966.108,65.1332
-0.6792,968.382,64.645
-1,969.778,63.9921
-1,969.778,63.9921
-1,971.893,62.9155
-1,973.978,61.8285
-1,973.978,61.8285
-1,976.123,60.7506
-1,978.03,59.6986
-1,978.03,59.6986
-1,980.014,58.6149
-1,982.046,57.4775
-1,982.046,57.4775
-1,983.945,56.451
-1,983.945,56.451
-1,987.015,56.451
-1,987.015,54.615
-1,988.819,53.5527
-1,988.819,53.5527
-1,990.608,52.4789
-1,992.426,51.4245
-1,993.532,50.6966
-1,993.532,50.6966
-1,993.532,50.6966
-0.5,996.294,48.9462
-1,997.909,47.8913
-1,997.909,47.8913
-1,999.567,46.8249
-1,1000.59,46.1539
-1,1002.11,46.1539
-1,1002.11,45.1012
-1,1002.11,45.1012
-1,1004.55,43.438
-1,1004.55,43.438
-1,1006.06,42.3673
-0.5,1007.46,41.3741
-0.5,1007.46,41.3741
-1,1008.82,40.3256
-1,1009.69,39.7042
-1,1009.69,39.7042
-1,1011.9,38.0939
-1,1011.9,38.0939
-1,1013.15,37.1454
-1,1014.38,36.2911
-1,1015.21,35.754
-1,1015.21,35.754
-1,1016.32,34.8761
-1,1016.32,34.8761
-1,1018.2,33.3902
-1,1018.2,33.3902
-0.838368,1019.35,32.4718
-0.838368,1019.35,32.4718
-0.83,1020.42,31.6302
-0.83,1021.42,30.8396
-0.83,1021.42,30.8396
-0.863421,1022.44,30.0577
-0.9218947,1023.43,29.2704
-0.9218947,1023.43,29.2704
-0.5,1024.43,28.4634
-1,1025.37,27.6894
-1,1025.37,27.6894
-1,1026.52,26.6797
-1,1026.52,26.6797
-1,1026.52,26.6797
-1,1027.98,25.4439
-1,1028.31,25.1183
-1,1029.01,24.5072
-1,1029.01,24.5072
-1,1029.85,23.7694
-1,1029.85,23.7694
-1,1030.89,22.8429
-1,1031.54,22.1565
-0.886526,1031.83,21.8814
-0.886526,1031.83,21.8814
-0.183737,1032.71,21.1679
-0.158684,1032.71,21.1679
0.020895,1033.43,20.9362
0.1085685,1034.09,20.9055
0.1361371,1034.37,20.909
0.1361371,1034.37,20.909
0.24648389,1035.27,20.9503
0.286947,1035.96,21.0489
0.301958,1036.24,21.0902
0.301958,1036.24,21.0902
0.311168,1037.05,21.2291
0.311168,1037.05,21.2291
0.316158,1038.14,21.4074
0.316158,1038.14,21.4074
0.3078,1038.96,21.5405
0.278579,1039.67,21.64
0.278579,1039.67,21.64
0.244337,1040.43,21.7348
0.237632,1040.86,21.7825
0.236789,1041.35,21.8353
0.236789,1041.35,21.8353
0.236789,1042.32,21.933
0.236789,1042.61,21.9614
0.236789,1042.61,21.9614
0.261895,1043.81,22.0907
0.261895,1043.81,22.0907
0.261895,1044.77,22.1927
0.261895,1044.77,22.1927
0.261895,1045.51,22.2649
0.261895,1045.77,22.2899
0.261895,1045.77,22.2899
0.261895,1047.09,22.42
0.261895,1047.09,22.42
0.261895,1048.02,22.5102
0.261895,1048.28,22.5351
0.266053,1049.03,22.6038
0.266053,1049.03,22.6038
0.270211,1050.05,22.6951
0.270211,1050.39,22.7275
0.270211,1050.39,22.7275
0.270211,1051.61,22.8403
0.270211,1051.61,22.8851
0.270211,1052.68,23.0123
0.270211,1052.99,23.0471
0.270211,1052.99,23.0471
0.270211,1053.95,23.163
0.270211,1054.26,23.2027
0.270211,1054.26,23.2027
0.270211,1055.58,23.386
0.270211,1055.58,23.386
0.257705,1056.28,23.4783
0.249368,1056.82,23.5335
0.249368,1057.61,23.6182
0.249368,1057.61,23.6182
0.249368,1058.85,23.7427
0.249368,1059.21,23.784
0.249368,1059.21,23.784
0.249368,1060.24,23.887
0.249368,1060.99,23.9744
0.249368,1061.35,24.0233
0.249368,1062.07,24.1091
0.249368,1062.07,24.1091
0.249368,1063.48,24.2234
0.249368,1063.79,24.2604
0.249368,1063.79,24.2604
0.249368,1064.83,24.374
0.249368,1065.11,24.4097
0.249368,1065.11,24.4097
0.249368,1066.15,24.5188
0.249368,1066.96,24.6019
0.249368,1067.24,24.6287
0.249368,1067.24,24.6287
0.249368,1069.05,24.7555
0.249368,1069.05,24.7555
0.277747,1070.13,24.8486
0.277747,1070.13,24.8486
0.282737,1070.9,24.9125
0.282737,1071.26,24.946
0.282737,1071.26,24.946
0.282737,1072.57,25.0788
0.282737,1072.57,25.0788
0.282737,1074.04,25.1568
0.282737,1074.04,25.1568
0.282737,1075.43,25.3038
0.282737,1075.43,25.3038
0.282737,1076.47,25.4059
0.282737,1076.76,25.4361
0.282737,1077.57,25.5156
0.282737,1077.57,25.5156
0.282737,1078.64,25.6186
0.286947,1079.87,25.6482
0.286947,1079.87,25.6482
0.320368,1080.92,25.7417
0.320368,1081.16,25.7742
0.353737,1081.95,25.8777
0.353737,1081.95,25.8777
0.400547,1083.03,26.0806
0.403895,1083.32,26.1332
0.403895,1083.32,26.1332
0.424789,1085.53,26.3723
0.424789,1085.53,26.3723
0.433105,1086.57,26.5613
0.433105,1086.57,26.5613
0.437316,1087.64,26.7881
0.437316,1087.64,26.7881
0.437316,1087.64,26.7881
0.437316,1088.74,27.0203
0.395526,1090.44,27.2065
0.395526,1090.44,27.2065
0.354589,1091.48,27.3788
0.349579,1091.77,27.4268
0.349579,1091.77,27.4268
0.220105,1093.17,27.6
0.220105,1093.17,27.6
0.149105,1094.01,27.5922
0.149105,1094.01,27.5922
0.103158,1095.75,27.5015
0.103158,1095.75,27.5015
0.0947895,1096.86,27.4074
0.0906316,1097.15,27.3816
0.0906316,1097.99,27.3007
0.0906316,1097.99,27.3007
0.0906316,1099.08,27.3007
-0.0626314,1099.42,27.1451
-0.6685788,1099.42,27.1451
-0.6685788,1100.49,26.884
-0.6685788,1100.49,26.884
-0.9560371,1101.82,26.009
-0.9560371,1101.82,26.009
-0.958925,1102.9,25.2319
-0.958925,1102.9,25.2319
-0.9499456,1103.95,24.4885
-0.9499456,1103.95,24.4885
-0.9475643,1105.09,23.7786
-0.9475643,1105.09,23.7786
-0.9493599,1105.82,23.2199
-0.9507429,1106.11,23
-0.9507429,1106.11,23
-0.9488659,1107.03,22.3073
-0.9361576,1107.72,21.7492
-0.903168,1107.93,21.5874
-0.903168,1107.93,21.5874
-0.569053,1108.84,20.9242
-0.402894,1109.55,20.4965
-0.33,1109.89,20.3612
-0.213,1110.46,20.1377
-0.213,1110.46,20.1377
0,1111.32,19.9202
0,1111.32,19.9202
0.133666,1111.96,19.8351
0.133666,1112.22,19.8168
0.2673472,1112.22,19.8168
0.2673472,1113.05,19.8022
0.307842,1113.7,19.8383
0.307842,1113.96,19.8565
0.307842,1114.54,19.8931
0.307842,1114.54,19.8931
0.307842,1115.45,19.9482
0.307842,1115.45,19.9482
0.307842,1116.1,19.9952
0.307842,1116.79,20.0401
0.307842,1116.79,20.0401
0.307842,1117.69,20.0977
0.307842,1117.69,20.0977
0.307842,1117.69,20.0977
0.307842,1118.55,20.1497
0.307842,1119.22,20.193
0.307842,1119.22,20.193
0.307842,1120.15,20.2459
0.307842,1120.15,20.2459
0.307842,1120.82,20.2881
0.307842,1121.53,20.3476
0.307842,1121.53,20.3476
0.307842,1122.41,20.4422
0.307842,1122.41,20.4422
0.307842,1123.1,20.5446
0.320368,1123.82,20.686
0.320368,1123.82,20.686
0.366316,1124.51,20.817
0.489874,1125.21,20.963
0.489874,1125.21,20.963
0.607726,1125.95,21.1702
0.607726,1125.95,21.1702
0.730253,1126.66,21.4162
0.750842,1127.38,21.6858
0.750842,1127.38,21.6858
0.750842,1128.32,22.0592
0.750842,1128.32,22.0592
0.777947,1129.1,22.3632
0.812474,1129.85,22.6613
0.812474,1129.85,22.6613
0.816632,1130.65,22.9725
0.816632,1130.65,22.9725
0.816632,1131.69,23.3738
0.820737,1131.69,23.3738
0.820737,1132.48,23.7198
0.820737,1133.27,24.0594
0.820737,1133.55,24.171
0.820737,1133.55,24.171
0.820737,1134.9,24.6684
0.820737,1134.9,24.6684
0.796053,1136.14,25.1797
0.796053,1136.14,25.1797
0.775474,1136.9,25.5142
0.763979,1137.8,25.8072
0.763979,1137.8,25.8072
0.744221,1138.92,26.1891
0.744221,1138.92,26.1891
0.734369,1139.8,26.5862
0.734369,1140.72,26.9392
0.734369,1140.72,26.9392
0.757411,1141.67,27.2773
0.757411,1141.67,27.2773
0.767263,1142.91,27.7665
0.767263,1142.91,27.7665
0.771368,1143.79,28.1267
0.771368,1144.73,28.484
0.771368,1144.73,28.484
0.771368,1145.73,28.865
0.771368,1145.73,28.865
0.775474,1147.05,29.3588
0.775474,1147.98,29.3588
0.775474,1147.98,29.7076
0.775474,1149.03,30.1089
0.775474,1149.03,30.1089
0.775474,1150.03,30.4974
0.775474,1151.01,30.8673
0.775474,1151.42,31.024
0.775474,1152.37,31.397
0.775474,1152.37,31.397
0.775474,1153.47,31.8124
0.775474,1153.47,31.8124
0.775474,1154.91,32.3269
0.775474,1155.99,32.7001
0.775474,1155.99,32.7001
0.775474,1156.96,33.0447
0.775474,1156.96,33.0447
0.775474,1158.12,33.4213
0.775474,1159.23,33.7894
0.775474,1159.23,33.7894
0.775474,1160.36,34.163
0.775474,1161.51,34.5275
0.775474,1161.51,34.5275
0.775474,1162.54,34.8908
0.775474,1163.71,35.2575
0.775474,1163.71,35.2575
0.775474,1164.89,35.6231
0.775474,1164.89,35.6231
0.775474,1166.14,35.975
0.775474,1167.35,36.3302
0.779579,1167.57,36.433
0.783737,1168.79,36.7817
0.783737,1168.79,36.7817
0.804263,1170.02,37.14
0.816632,1171.27,37.4906
0.816632,1171.27,37.4906
0,1172.81,37.6889
0,1172.81,37.6889
0,1174.12,37.7302
0.870053,1175.32,37.7302
0.870053,1175.32,37.9133
0.915316,1176.65,38.2663
0.915316,1176.65,38.2663
1,1178.16,38.881
1,1178.16,38.881
0.75423,1179.53,39.4346
0.717761,1180.78,39.9011
0.717761,1180.78,39.9011
0.835587,1182.41,40.3675
0.835587,1182.41,40.3675
1,1183.76,40.7015
1,1185.19,41.1067
1,1185.19,41.1067
1,1186.57,41.4906
1,1187.05,41.625
1,1188.19,42.0221
1,1188.19,42.0221
1,1190.09,42.606
1,1190.09,42.606
1,1191.52,43.0132
1,1192.86,43.4123
1,1192.86,43.4123
1,1194.31,43.7883
1,1194.31,43.7883
1,1195.78,44.153
1,1197.12,44.5098
1,1197.12,44.5098
1,1198.61,44.8752
1,1200.11,45.2394
1,1200.11,45.2394
1,1201.62,45.5918
1,1203.14,45.962
1,1203.14,45.962
1,1204.6,46.2918
1,1206.23,46.631
1,1206.23,46.631
1,1208.24,47.0872
1,1208.24,47.0872
1,1210.37,47.5589
1,1210.37,47.5589
1,1212.04,47.8946
1,1212.04,47.8946
1,1213.68,48.2272
1,1215.21,48.5666
1,1215.21,48.5666
1,1216.91,48.9109
1,1218.46,49.2087
1,1218.46,49.2087
1,1220.26,49.5522
1,1221.92,49.8843
1,1221.92,49.8843
1,1223.59,50.2086
1,1225.34,50.5279
1,1225.34,50.5279
1,1227.03,50.8444
1,1228.73,51.1497
1,1228.73,51.1497
0,1230.51,51.3375
0,1232.31,51.2566
0,1232.31,51.2566
1,1234.01,51.3169
1,1234.01,51.3169
1,1235.78,51.4926
1,1237.5,51.8186
1,1237.5,51.8186
1,1239.24,52.2269
1,1240.98,52.6428
1,1240.98,52.6428
1,1242.78,53.0614
1,1244.55,53.3481
1,1244.55,53.3481
1,1246.42,53.6084
1,1246.42,53.6084
1,1248.14,53.876
1,1250.03,54.1492
1,1250.03,54.1492
1,1251.84,54.4103
1,1253.66,54.6626
1,1253.66,54.6626
1,1256.13,54.9821
1,1256.13,54.9821
1,1257.97,55.2519
1,1259.81,55.5165
1,1259.81,55.5165
1,1261.67,55.7656
1,1261.67,55.7656
1,1264.17,56.0813
1,1264.17,56.0813
0.828947,1266.04,56.3328
0.357947,1267.92,56.4362
0.357947,1267.92,56.4362
-0.882421,1270.41,55.6532
-0.882421,1270.41,55.6532
-1,1272.25,54.6007
-1,1274,53.5264
-1,1274,53.5264
-1,1275.77,52.4329
-1,1275.77,52.4329
-1,1278.09,50.9592
-1,1278.09,50.9592
-1,1280.37,49.4625
-1,1280.37,49.4625
-1,1281.93,48.4702
-1,1283.52,47.4248
-1,1283.52,47.4248
-1,1285.56,46.0682
-1,1285.56,46.0682
-1,1287.08,45.0749
-1,1288.49,45.0749
-1,1288.49,44.1356
-1,1289.96,43.1283
-1,1289.96,43.1283
-0.5,1291.38,42.0983
-0.9,1292.84,41.1453
-1,1293.25,40.7901
-1,1294.59,39.7273
-1,1294.59,39.7273
-1,1295.86,38.7814
-1,1295.86,38.7814
-1,1297.58,37.5688
-1,1297.58,37.5688
-1,1298.82,36.6943
-0.8166,1300.02,35.8241
-0.8166,1300.02,35.8241
0.208021,1301.18,35.1404
0.5411058,1302.35,35.1501
0.5907896,1302.76,35.1957
0.6816312,1304,35.3595
0.6816312,1304,35.3595
0.74123203,1305.18,35.5736
0.754947,1306.29,35.7945
0.754947,1306.29,35.7945
0.754947,1307.9,36.1082
0.754947,1307.9,36.1082
0.754947,1309.11,36.3386
0.754947,1310.39,36.5838
0.754947,1310.39,36.5838
0.734369,1312.01,36.819
0.734369,1312.01,36.9173
0.722053,1313.18,37.1366
0.716561,1313.18,37.1366
0.716561,1314.42,37.3731
0.716561,1314.42,37.3731
0.709684,1316.11,37.6958
0.680895,1317.41,37.9333
0.652137,1317.85,38.0068
0.594579,1319.11,38.185
0.594579,1319.11,38.185
0.512316,1320.77,38.3924
0.512316,1320.77,38.3924
0.504105,1322.48,38.602
0.504105,1322.48,38.602
0.504105,1324.21,38.7876
0.504105,1324.21,38.7876
0.504105,1325.5,38.9159
0.5,1326.8,39.0359
0.491579,1327.29,39.0731
0.491579,1327.29,39.0731
0.269,1328.97,39.1176
0.269,1328.97,39.1176
0.185842,1330.34,39.0476
0.133632,1331.57,38.946
0.129474,1332.19,38.9096
0.129474,1333.41,38.8083
0.129474,1333.41,38.8083
0.129474,1335.15,38.6262
0.162895,1335.66,38.5756
0.162895,1335.66,38.5756
0.204632,1337.49,38.4629
0.204632,1337.49,38.4629
0.244768,1339.33,38.3673
0.244768,1339.33,38.3673
0.3090523,1341.43,38.2701
0.3090523,1341.43,38.2701
0.3299472,1342.64,38.2665
0.3299472,1342.64,38.2665
0.3709055,1345.24,38.3125
0.3709055,1345.24,38.3125
0.4043161,1346.83,38.3603
0.4093161,1347.34,38.3819
0.43436871,1347.34,38.3819
0.43436871,1348.56,38.4529
0.441474,1348.56,38.4529
0.441474,1351.27,38.5661
0.441474,1351.27,38.5661
0.441474,1352.88,38.6409
0.441474,1353.33,38.6708
0.441474,1353.33,38.6708
0.441474,1356.03,38.8137
0.441474,1356.03,38.8137
0.441474,1357.77,38.905
0.441474,1358.16,38.9257
0.441474,1358.16,38.9257
0.441474,1359.91,39.0302
0.441474,1360.92,39.0559
0.441474,1360.92,39.0559
0.441474,1363.06,39.1583
0.441474,1363.06,39.1583
0.441474,1365.39,39.242
0.441474,1365.85,39.2661
0.441474,1365.85,39.2661
0.512316,1367.54,39.363
0.512316,1368.06,39.3988
0.512316,1368.06,39.3988
0.56579,1370.8,39.592
0.56579,1370.8,39.592
0.569895,1372.57,39.7756
0.569895,1373.03,39.8186
0.569895,1373.03,39.8186
0.569895,1375.75,39.966
0.569895,1375.75,40.0027
0.569895,1375.75,40.0027
0.574,1377.94,40.1966
0.574,1377.94,40.1966
0.581389,1380.18,40.382
0.582211,1380.64,40.4283
0.582211,1380.64,40.4283
0.594579,1382.92,40.6464
0.594579,1382.92,40.6464
0.598684,1384.97,40.831
0.598684,1385.45,40.8805
0.598684,1385.45,40.8805
0.606895,1387.69,41.0935
0.606895,1387.69,41.0935
0.630758,1389.76,41.2858
0.648863,1390.24,41.3377
0.648863,1390.24,41.3377
0.697368,1392.1,41.5646
0.697368,1392.1,41.5646
0.709684,1393.91,41.8347
0.709684,1393.91,41.8347
0.709684,1396,42.0594
0.712147,1396.49,42.1155
0.712147,1396.49,42.1155
0.742579,1398.81,42.2969
0.742579,1398.81,42.3517
0.763158,1398.81,42.3517
0.763158,1401.38,42.7761
0.763158,1401.38,42.7761
0.763158,1403.31,43.0395
0.763158,1403.81,43.085
0.771368,1405.17,43.193
0.771368,1405.17,43.193
0.785502,1407.23,43.576
0.790489,1408.25,43.8086
0.790489,1408.25,43.8086
0.794764,1409.64,44.0727
0.794764,1410.23,44.1596
1,1412.31,44.1596
1,1412.75,44.7046
1,1412.75,44.7046
1,1414.77,45.2546
1,1415.3,45.4181
1,1415.3,45.4181
1,1417.88,46.1318
1,1417.88,46.1318
1,1419.97,46.5948
1,1420.43,46.694
1,1420.43,46.694
1,1422.59,47.1553
1,1423.22,47.3076
1,1425.28,47.763
1,1425.83,47.878
1,1425.83,47.878
1,1428.02,48.3408
1,1428.59,48.4636
1,1430.69,48.901
1,1431.26,49.0164
1,1431.26,49.0164
1,1433.98,49.5664
1,1433.98,49.5664
1,1436.22,50.0208
1,1436.22,50.0208
1,1438.48,50.4511
1,1438.48,50.4511
1,1440.76,50.8897
1,1441.27,50.9843
0,1441.27,50.9843
0,1444.16,51.2439
1,1444.16,51.2439
1,1447.06,51.2795
1,1449.38,51.5708
1,1449.89,51.6667
1,1452.22,51.6667
1,1452.86,52.3365
1,1452.86,52.3365
1,1455.14,52.896
1,1455.75,53.0354
1,1458.14,53.4298
1,1458.76,53.5097
1,1461.13,53.8733
1,1461.76,53.9657
1,1461.76,53.9657
1,1464.88,54.4344
1,1467.98,54.876
1,1469.87,55.1358
1,1469.87,55.1358
1,1472.26,55.4947
1,1472.91,55.5887
1,1472.91,55.5887
1,1476.02,56.0089
1,1476.02,56.0089
1,1479.23,56.4318
1,1479.23,56.4318
1,1481.77,56.7947
1,1481.77,56.7947
1,1484.23,57.1263
1,1484.23,57.1263
1,1486.81,57.451
1,1487.48,57.5306
1,1487.48,57.5306
1,1490.74,57.9277
1,1490.74,57.9277
1,1492.67,58.1913
1,1492.67,58.1913
0.7567583,1495.85,58.5695
0.7567583,1495.85,58.5695
-0.291947,1497.8,58.3466
-0.291947,1497.8,58.3466
-1,1500.32,57.0894
-1,1500.98,56.7173
-1,1500.98,56.7173
-1,1503.5,55.3511
-1,1505.19,54.2061
-1,1505.74,53.8764
-1,1505.74,53.8764
-1,1508.13,52.4928
-1,1508.74,52.1491
-1,1510.24,51.2149
-1,1511.34,50.6158
-1,1511.34,50.6158
-1,1513.09,49.7381
-1,1513.09,49.7381
-1,1515.5,48.292
-1,1515.5,48.292
-1,1517.64,47.1401
-1,1518.1,46.8973
-1,1518.1,46.8973
-1,1519.91,45.8053
-1,1519.91,45.8053
-1,1521.92,44.7581
-1,1521.92,44.7581
-0.5,1523.89,43.7439
-0.5,1524.32,43.5233
-0.5,1524.32,43.5233
-0.99207638,1526.49,42.298
-0.99207638,1526.49,42.298
-0.970585,1527.86,41.628
-0.970585,1527.86,41.628
-0.9571609,1530.1,40.8071
-0.9571609,1530.1,40.6252
-0.976368,1531.65,40.6252
-0.9757511,1532.17,39.6092
-0.9757511,1532.17,39.6092
-0.753281,1533.77,38.8927
-0.38879,1534.28,38.682
0.162895,1535.38,38.2279
0.162895,1535.38,38.2279
0.33831571,1536.97,37.8569
0.365237,1537.46,37.7995
0.365237,1537.46,37.7995
0.479074,1539.48,37.7308
0.479074,1539.48,37.7414
0.512316,1539.48,37.7414
0.512316,1541.03,37.9074
0.512316,1542.25,38.0379
0.517253,1542.67,38.0742
0.517253,1542.67,38.0742
0.557579,1544.7,38.2558
0.557579,1544.7,38.2558
0.557579,1546.29,38.4229
0.557579,1546.29,38.4229
0.557579,1547.94,38.5277
0.557579,1547.94,38.5743
0.557579,1547.94,38.5743
0.557579,1549.62,38.7589
0.557579,1551.16,38.9345
0.557579,1551.16,38.9345
0.557579,1551.16,38.9345
0.557579,1552.83,39.1041
0.557579,1554.08,39.2371
0.557579,1554.58,39.2867
0.557579,1555.79,39.4118
0.557579,1555.79,39.4118
0.523316,1557.4,39.5834
0.518084,1557.77,39.6144
0.518084,1557.77,39.6144
0.5,1559.47,39.7161
0.5,1559.98,39.7351
0.5,1561.19,39.7915
0.5,1561.19,39.7915
0.5,1562.81,39.9263
0.5,1562.81,39.9263
0.5,1564.59,40.043
0.5,1564.59,40.043
0.5,1566.19,40.098
0.5,1566.19,40.098
0.5,1567.81,40.1892
0.5,1567.81,40.1892
0.5,1569.54,40.3187
0.5,1569.54,40.3187
0.5,1571.66,40.3987
0.5,1572.44,40.4414
0.5,1572.44,40.4414
0.5,1573.72,40.5326
0.5,1573.72,40.5326
0.5,1575.46,40.6276
0.5,1576.61,40.6866
0.5,1577.06,40.7063
0.5,1577.06,40.7063
0.462368,1578.74,40.7869
0.427295,1580.1,40.7869
0.412211,1580.56,40.817
0.395526,1581.81,40.817
0.395526,1581.81,40.8293
0.384663,1583.37,40.8414
0.384663,1583.37,40.8414
0.332895,1585.13,40.831
0.332895,1585.13,40.831
0.274421,1586.44,40.7908
0.274421,1586.44,40.7908
0.180021,1588.01,40.6983
0.180021,1588.01,40.6983
0.140737,1589.83,40.5175
0.140737,1589.83,40.5175
0.119842,1591.07,40.3779
0.119842,1591.07,40.3779
0.0864737,1592.84,40.1767
0.0613684,1593.87,40.0182
0.0530526,1594.39,39.9435
0.0280955,1595.62,39.7501
0.0280955,1595.62,39.7501
0.0253108,1596.91,39.5495
0.0253108,1596.91,39.5495
0.034824,1598.48,39.2955
0.034824,1598.48,39.2955
0.0358541,1599.83,39.0997
0.0356862,1601.04,38.9205
0.0356862,1601.04,38.9205
0.0349694,1602.77,38.657
0.0349694,1602.77,38.657
0.032924,1603.89,38.457
0.032924,1603.89,38.457
0.0354014,1605.6,38.2022
0.0530526,1606.48,38.0902
0.0972948,1607.74,38.0902
0.0972948,1607.74,37.9187
0.144105,1609,37.7799
0.144105,1609,37.7799
0.161632,1610.1,37.6759
0.211737,1611.35,37.5976
0.211737,1611.35,37.5976
0.211737,1611.35,37.5976
0.408905,1613.41,37.5733
0.420579,1614.73,37.5798
0.420579,1614.73,37.5798
0.424789,1615.79,37.6019
0.439811,1617.05,37.6623
0.439811,1617.05,37.6623
0.441474,1618.3,37.7213
0.441474,1619.18,37.7456
0.441474,1620.38,37.7758
0.441474,1620.38,37.7758
0.441474,1621.44,37.8388
0.441474,1621.44,37.8388
0.441474,1621.44,37.8388
0.441474,1624.09,38.0046
0.441474,1624.09,38.0046
0.449842,1625.66,38.0924
0.449842,1625.66,38.0924
0.513158,1627.17,38.2314
0.513158,1627.17,38.2314
0.553474,1628.5,38.3707
0.577284,1629.77,38.5265
0.590474,1629.77,38.5265
0.590474,1630.98,38.672
0.646368,1632.31,38.8484
0.646368,1632.31,38.8484
0.771368,1633.41,39.0705
0.865947,1634.7,39.3314
0.865947,1634.7,39.3314
0.967926,1635.98,39.6114
0.967926,1635.98,39.6114
1,1637.58,39.9796
1,1638.89,40.2481
1,1638.89,40.2481
0.72884,1640.2,40.5225
0.73361,1641.52,40.7661
1,1642.84,41.1125
1,1643.57,41.391
1,1643.57,41.391
1,1644.99,41.8969
1,1646.35,42.3941
1,1646.35,42.3941
1,1647.73,42.7905
1,1647.73,42.7905
1,1649.01,43.173
1,1649.01,43.173
1,1650.92,43.7037
1,1652.35,44.094
1,1652.35,44.094
1,1654.22,44.6056
1,1654.22,44.6056
1,1656.21,45.1136
1,1656.21,45.1136
1,1657.7,45.4534
1,1659.14,45.4534
1,1659.6,45.9791
1,1661.2,46.3524
1,1661.2,46.3524
1,1661.2,46.3524
1,1663.28,46.8386
1,1664.79,47.2419
1,1665.42,47.3903
1,1665.42,47.3903
1,1667.39,47.8356
1,1668.99,48.1747
1,1668.99,48.1747
1,1671.19,48.7012
1,1671.19,48.7012
1,1672.73,49.0356
1,1672.73,49.0356
1,1674.89,49.5073
1,1676.54,49.8586
1,1677.21,49.9811
1,1678.8,50.3284
1,1678.8,50.3284
1,1680.5,50.6836
1,1682.11,51.0049
1,1682.11,51.0049
1,1683.82,51.3445
1,1683.82,51.3445
0,1686.06,51.37
1,1687.69,51.4106
1,1687.69,51.4106
1,1689.49,51.5928
1,1691.16,51.897
1,1691.16,51.897
1,1692.98,52.334
1,1694.12,52.6181
1,1695.82,53.059
1,1695.82,53.059
1,1697.6,53.4298
1,1699.38,53.7321
1,1701.14,54.0173
1,1701.14,54.0173
1,1703.57,54.4027
1,1703.57,54.4027
1,1705.39,54.6838
1,1705.39,54.6838
1,1707.19,54.966
1,1709.02,55.2437
1,1709.02,55.2437
1,1710.96,55.5151
1,1712.7,55.7851
1,1714.66,55.7851
1,1716.53,56.3475
1,1716.53,56.3475
1,1718.31,56.5979
1,1720.29,56.8701
1,1721.62,57.046
1,1721.62,57.046
1,1724.1,57.4056
1,1724.1,57.4056
1,1726.02,57.6625
1,1727.95,57.92
1,1727.95,57.92
1,1729.88,58.1803
1,1729.88,58.1803
1,1731.83,58.4385
1,1733.89,58.6909
1,1733.89,58.6909
1,1735.85,58.952
1,1737.82,59.1889
1,1737.82,59.1889
1,1739.81,59.4553
1,1741.79,59.7023
1,1741.79,59.7023
1,1743.79,59.9426
1,1745.81,60.1855
1,1745.81,60.1855
1,1747.82,60.4292
1,1747.82,60.4292
1,1749.95,60.6766
1,1751.88,60.9009
1,1753.3,61.0665
1,1753.3,61.0665
1,1755.34,61.2988
0,1757.41,61.3947
0,1757.41,61.3947
0,1759.45,61.3034
0,1759.45,61.3034
1,1762.22,61.3541
1,1762.22,61.3541
1,1765.09,61.6221
1,1765.09,61.6221
1,1767.06,61.9193
1,1769.13,62.2491
1,1769.13,62.2491
1,1771.94,62.6357
1,1771.94,62.6357
1,1774.04,62.8304
1,1776.14,63.0246
1,1776.14,63.0246
1,1778.24,63.2277
1,1780.36,63.4256
1,1780.36,63.4256
1,1782.59,63.62
1,1784.61,63.81
1,1784.61,63.81
1,1786.74,63.9996
1,1786.74,63.9996
1,1788.99,64.1974
1,1791.14,64.3671
1,1791.14,64.3671
1,1793.29,64.5632
1,1795.44,64.7524
1,1795.44,64.7524
1,1797.62,64.9358
1,1799.78,65.1172
1,1799.78,65.1172
1,1801.97,65.2971
1,1801.97,65.2971
1,1804.26,65.4866
1,1806.33,65.6549
1,1806.33,65.6549
1,1808.65,65.8373
1,1810.84,66.0148
1,1810.84,66.0148
1,1812.94,66.1823
1,1815.27,66.362
1,1815.27,66.362
1,1817.48,66.5325
1,1819.04,66.6451
1,1821.27,66.8238
1,1821.27,66.8238
1,1824.28,67.0415
1,1825.74,67.1601
1,1825.74,67.1601
1,1828.77,67.3863
1,1828.77,67.3863
1,1831.02,67.5505
1,1831.02,67.5505
1,1833.27,67.7127
1,1835.53,67.8759
1,1835.53,67.8759
1,1837.8,68.038
1,1840.18,68.1967
1,1840.18,68.1967
1,1842.46,68.3635
1,1843.94,68.468
1,1846.22,68.6248
1,1846.22,68.6248
1,1846.22,68.6248
1,1849.31,68.8325
1,1851.61,68.9816
1,1851.61,68.9816
1,1853.91,69.1419
1,1856.22,69.2922
1,1856.22,69.2922
1,1858.53,69.444
1,1860.85,69.5939
1,1862.47,69.697
1,1862.47,69.697
1,1862.47,69.697
1,1865.61,69.8925
1,1867.94,70.0368
1,1867.94,70.0368
1,1870.28,70.1796
1,1872.62,70.3188
1,1872.62,70.3188
1,1874.96,70.4582
1,1877.31,70.5973
1,1877.31,70.5973
1,1879.66,70.7328
1,1881.32,70.8198
0,1883.66,70.6495
0,1883.66,70.6495
1,1886.02,70.5644
1,1888.37,70.5789
1,1888.37,70.5789
1,1890.71,70.6939
1,1890.71,70.6939
1,1893.9,70.984
1,1893.9,70.984
1,1896.25,71.2165
1,1898.63,71.3548
1,1898.63,71.3548
1,1900.99,71.468
1,1903.37,71.5802
1,1903.37,71.5802
1,1905.85,71.7017
1,1905.85,71.7017
1,1908.13,71.8081
1,1910.64,71.9256
1,1910.64,71.9256
1,1913.02,72.0365
1,1915.42,72.1455
1,1915.42,72.1455
1,1917.8,72.252
1,1920.21,72.3613
1,1920.21,72.3613
1,1922.62,72.4709
1,1922.62,72.4709
1,1925.02,72.5794
1,1927.44,72.6845
1,1927.44,72.6845
1,1929.97,72.7943
1,1931.55,72.8611
1,1933.98,72.9649
1,1933.98,72.9649
1,1936.41,73.068
1,1938.84,73.1697
1,1938.84,73.1697
1,1941.28,73.2705
1,1941.28,73.2705
1,1943.85,73.3711
1,1946.18,73.4693
1,1946.18,73.4693
1,1948.76,73.5691
1,1951.24,73.663
1,1951.24,73.663
1,1953.57,73.7466
1,1953.57,73.7466
1,1956.94,73.8656
1,1959.52,73.9562
1,1959.52,73.9562
1,1961.99,74.0386
1,1964.52,74.0386
1,1964.52,74.1223
1,1966.99,74.2062
1,1966.99,74.2062
1,1969.55,74.2881
1,1971.91,74.3647
1,1971.91,74.3647
1,1974.61,74.4492
1,1977.1,74.532
1,1977.1,74.532
1,1979.71,74.6167
1,1982.2,74.6167
1,1982.2,74.7
1,1984.83,74.785
1,1984.83,74.785
1,1987.33,74.8735
1,1989.82,74.963
1,1989.82,74.963
1,1992.61,75.0528
1,1995.26,75.1467
1,1995.26,75.1467
1,1997.64,75.2306
1,1997.64,75.2306
1,2000.28,75.3205
1,2002.93,75.4019
1,2002.93,75.4019
1,2005.44,75.4814
1,2008.08,75.5546
1,2008.08,75.5546
1,2010.6,75.6216
1,2013.23,75.6811
1,2013.23,75.6811
1,2015.75,75.7354
1,2015.75,75.7354
1,2018.51,75.7916
1,2021.04,75.8356
1,2021.04,75.8356
1,2023.67,75.8801
1,2026.2,75.9104
1,2026.2,75.9104
1,2028.82,75.9542
1,2031.35,75.9926
1,2031.35,75.9926
1,2033.98,76.0177
1,2036.51,76.0614
1,2036.51,76.0614
1,2039.17,76.0931
1,2039.17,76.0931
1,2041.67,76.1405
1,2044.33,76.1835
1,2044.33,76.1835
1,2046.95,76.2349
1,2049.49,76.2853
1,2049.49,76.2853
1,2052.12,76.3449
1,2054.65,76.4031
1,2054.65,76.4031
1,2057.29,76.4656
1,2059.82,76.5288
1,2060.71,76.5529
1,2063.35,76.6217
1,2063.35,76.6217
1,2065.89,76.6908
1,2065.89,76.6908
1,2069.42,76.7877
1,2069.42,76.7877
1,2071.97,76.8553
1,2074.6,76.9302
1,2075.5,76.9547
1,2078.06,77.0249
1,2078.06,77.0249
1,2081.58,77.1189
1,2081.58,77.1189
1,2084.15,77.1886
1,2086.77,77.257
1,2086.77,77.257
1,2090.24,77.3509
1,2090.24,77.3509
1,2092.86,77.4207
1,2092.86,77.4207
1,2095.48,77.4888
1,2098.19,77.5543
1,2098.19,77.5543
1,2101.45,77.6399
1,2101.45,77.6399
1,2104.16,77.7087
1,2106.78,77.7727
1,2107.94,77.8014
1,2110.28,77.8591
1,2110.28,77.8591
1,2113.8,77.9441
1,2113.8,77.9441
1,2116.42,78.0029
1,2119.02,78.0029
1,2119.02,78.0666
1,2121.63,78.1258
1,2122.56,78.1462
1,2125.3,78.206
1,2125.3,78.206
1,2127.9,78.2684
1,2130.4,78.3243
1,2130.4,78.3243
1,2133.95,78.4024
1,2133.95,78.4024
1,2137.48,78.4789
1,2137.48,78.4789
1,2140.26,78.5367
1,2142.88,78.5914
1,2142.88,78.5914
1,2146.31,78.6609
1,2146.31,78.6609
1,2148.93,78.7137
1,2151.71,78.7669
1,2151.71,78.7669
1,2155.15,78.8373
1,2155.15,78.8373
1,2155.15,78.8373
1,2159.61,78.9237
1,2159.61,78.9237
1,2163.18,78.9876
1,2163.18,78.9876
1,2165.81,79.0392
1,2168.6,79.0912
1,2168.6,79.0912
1,2171.1,79.138
1,2171.1,79.138
1,2174.68,79.2025
1,2177.31,79.2025
1,2177.31,79.2487
0,2179.97,79.2248
0,2179.97,79.2248
0,2183.39,78.9489
0,2183.39,78.9489
0,2183.39,78.9489
1,2188.92,78.8371
1,2188.92,78.8371
1,2188.92,78.8371
1,2194.32,79.0742
1,2194.32,79.0742
1,2196.7,79.1594
1,2199.47,79.1945
1,2199.47,79.1945
1,2201.99,79.2269
1,2204.75,79.2269
1,2204.75,79.2613
1,2204.75,79.2613
1,2208.33,79.31
1,2210.97,79.3485
1,2210.97,79.3485
1,2213.49,79.3794
1,2216.27,79.4134
1,2217.06,79.4224
1,2217.06,79.4224
1,2221.44,79.4739
1,2221.44,79.4739
1,2224.21,79.5081
1,2226.87,79.5407
1,2226.87,79.5407
1,2229.67,79.5721
1,2229.67,79.5721
1,2232.18,79.6022
1,2234.83,79.6315
1,2237.63,79.6611
1,2237.63,79.6611
1,2240.28,79.6909
1,2242.95,79.722
1,2242.95,79.722
1,2245.6,79.7516
1,2248.26,79.7809
1,2248.26,79.7809
1,2250.92,79.8093
1,2253.58,79.837
1,2253.58,79.837
1,2256.37,79.8662
1,2256.37,79.8662
1,2258.89,79.8919
1,2261.55,79.919
1,2261.55,79.919
1,2264.34,79.9473
1,2266.86,79.9722
1,2266.86,79.9722
1,2269.66,79.9988
1,2272.31,80.024
1,2272.31,80.024
1,2274.97,80.0483
1,2274.97,80.0483
1,2277.62,80.0732
1,2280.29,80.0979
1,2280.29,80.0979
1,2282.94,80.1221
1,2285.61,80.1465
1,2285.61,80.1465
1,2288.41,80.1708
1,2291.06,80.1957
1,2293.72,80.218
1,2293.72,80.218
1,2296.39,80.2428
1,2297.19,80.2498
1,2297.19,80.2498
1,2301.73,80.2878
1,2301.73,80.2878
1,2305.47,80.3163
1,2305.47,80.3163
1,2308.01,80.3374
1,2310.69,80.359
1,2310.69,80.359
1,2313.5,80.3824
1,2316.05,80.4031
1,2316.05,80.4031
1,2319.67,80.4315
1,2319.67,80.4315
1,2322.35,80.4512
1,2322.35,80.4512
1,2325.16,80.4706
1,2327.71,80.49
1,2327.71,80.49
1,2330.53,80.5102
1,2333.22,80.5295
1,2333.22,80.5295
1,2335.9,80.5486
1,2335.9,80.5486
1,2338.58,80.5673
1,2341.27,80.5855
1,2341.27,80.5855
1,2344.08,80.6037
1,2346.64,80.6213
1,2346.64,80.6213
0.519105,2349.32,80.5143
-0.838778,2352.12,79.6608
-0.838778,2352.12,79.6608
-1,2354.62,78.5614
-1,2357.35,77.3801
-1,2357.35,77.3801
-1,2359.9,76.1408
-1,2362.42,74.9623
-1,2362.42,74.9623
-1,2364.89,73.7741
-1,2364.89,73.7741
-1,2367.33,72.5889
-1,2369.73,71.4079
-1,2369.73,71.4079
-1,2372.09,70.2308
-1,2374.42,69.052
-1,2374.42,69.052
-1,2376.81,67.8239
-1,2378.94,66.7179
-1,2378.94,66.7179
-1,2381.26,65.4902
-0.5,2383.42,64.3331
-0.5,2383.42,64.3331
-1,2385.55,63.1687
-1,2385.55,63.1687
-1,2387.64,62.0209
-1,2389.69,60.8666
-1,2389.69,60.8666
-1,2391.7,59.7224
-1,2393.68,58.5988
-1,2393.68,58.5988
-0.5,2395.62,57.462
-1,2397.61,56.2437
-1,2397.61,56.2437
-1,2399.47,55.1298
-1,2399.47,55.1298
-1,2401.29,54.0322
-1,2403.07,52.9353
-1,2403.07,52.9353
-1,2404.82,51.8728
-1,2405.93,51.1056
-1,2407.71,49.9377
-1,2407.71,49.9377
-0.5,2409.27,48.868
-0.5,2409.27,48.868
-1,2411.43,47.3602
-1,2412.53,46.6418
-1,2412.53,46.6418
-1,2414.6,45.3803
-1,2414.6,45.3803
-1,2416.1,44.4777
-0.9,2417.55,43.4405
-0.9,2417.55,43.4405
-0.5,2418.98,42.3484
-1,2420.37,41.2977
-1,2420.37,41.2977
-1,2421.69,40.262
-1,2421.69,40.262
-1,2423.02,39.2857
-1,2424.38,38.3457
-1,2425.2,37.7927
-1,2425.2,37.7927
-1,2426.45,36.9167
-1,2427.6,36.0615
-1,2427.6,36.0615
-1,2428.78,35.1105
-1,2429.94,34.2433
-1,2429.94,34.2433
-1,2431.12,33.4566
-1,2431.12,33.4566
-1,2432.51,32.4822
-0.8,2432.51,32.4822
-0.8,2433.58,31.7382
-0.5,2434.63,30.9841
-0.5,2434.63,30.9841
-1,2435.65,30.2326
-1,2436.65,29.5119
-1,2436.65,29.5119
-1,2437.84,28.7867
-1,2438.79,28.0919
-1,2438.79,28.0919
-1,2439.66,27.4376
-0.9427895,2440.3,26.979
-0.9427895,2440.3,26.979
-0.884316,2441.18,26.3532
-0.830863,2442.05,25.7627
-0.830863,2442.05,25.7627
-0.637842,2443.46,25.18
-0.349579,2444.28,24.5895
-0.349579,2444.28,24.5895
-0.071,2445.09,24.2136
0.070189,2445.89,24.0686
0.070189,2445.89,24.0686
0.137789,2446.69,24.0187
0.179579,2446.69,24.0187
0.179579,2447.49,23.9845
0.2305367,2449.21,24.0082
0.2305367,2449.21,24.0082
0.2547366,2450,24.0613
0.2297368,2450.82,24.1173
0.2297368,2450.82,24.1173
0.1842,2451.57,24.1627
0.149105,2452.4,24.1808
0.149105,2452.4,24.1808
0.149105,2453.19,24.1852
0.149105,2453.98,24.1852
0.149105,2453.98,24.1903
0.149105,2455.83,24.1943
0.149105,2455.83,24.1943
0.149105,2456.6,24.1947
0.161642,2457.38,24.1957
0.161642,2457.38,24.1957
0.199211,2458.15,24.2109
0.228474,2458.93,24.2355
0.228474,2458.93,24.2355
0.236789,2460,24.2915
0.236789,2461.32,24.3083
0.236789,2461.32,24.3083
0.236789,2462.34,24.3392
0.236789,2462.34,24.3392
0.236789,2463.12,24.3284
0.236789,2463.89,24.2767
0.236789,2464.17,24.2469
0.236789,2465.74,24.1709
0.236789,2465.74,24.1709
0.192537,2466.76,24.1267
0.165789,2467.1,24.156
0.119842,2467.8,24.2893
0.119842,2467.8,24.2893
0.119842,2467.8,24.2893
0.103158,2469.85,24.3327
0.103158,2469.85,24.3327
0.103158,2470.75,24.2399
0.103158,2471.2,24.2195
0.103158,2471.76,24.1906
0.103158,2471.76,24.1906
0.103158,2473.03,24.1017
0.103158,2473.03,24.1017
0.136579,2474.09,23.9895
0.136579,2474.09,23.9895
0.144947,2475.08,23.9537
0.144947,2475.08,23.9537
0.149105,2476.12,23.9596
0.149105,2476.12,23.9596
0.149105,2477.13,23.9252
0.149105,2477.13,23.9252
0.149105,2477.94,23.8763
0.153263,2479.05,23.834
0.153263,2479.05,23.834
0.157474,2480.12,23.8167
0.157474,2480.12,23.8167
0.157474,2480.92,23.8169
0.157474,2480.92,23.8169
0.157474,2481.99,23.8303
0.157474,2482.82,23.854
0.157474,2483.06,23.8623
0.157474,2483.06,23.8623
0.161632,2484.71,23.8921
0.161632,2484.71,23.8921
0.161632,2485.82,23.9182
0.161632,2485.82,23.9182
0.161632,2486.81,23.9375
0.161632,2486.81,23.9375
0.161632,2487.96,23.9619
0.161632,2487.96,23.9619
0.174158,2488.95,23.9829
0.186684,2489.23,23.9925
0.231779,2490.47,24.0287
0.231779,2490.47,24.0287
0.273558,2491.5,24.1115
0.273558,2491.5,24.1115
0.316158,2492.3,24.1856
0.332895,2492.3,24.1856
0.337053,2493.42,24.3115
0.337053,2493.42,24.3115
0.370474,2494.47,24.4365
0.370474,2494.47,24.4365
0.401389,2495.82,24.534
0.433105,2496.59,24.6372
0.441474,2497.16,24.7211
0.441474,2497.16,24.7211
0.441474,2498.27,24.9143
0.441474,2498.27,24.9143
0.441474,2499.07,25.0675
0.441474,2499.89,25.1268
0.441474,2500.68,25.2893
0.441474,2500.68,25.2893
0.441474,2501.57,25.4444
0.441474,2502.42,25.5969
0.441474,2502.42,25.5969
0.441474,2502.42,25.5969
0.403895,2504.28,25.7199
0.364611,2505.14,25.878
0.364611,2505.14,25.878
0.328684,2505.96,26.0562
0.299474,2505.96,26.0562
0.299474,2506.87,26.1184
0.299474,2507.74,26.0898
0.299474,2508.3,26.0897
0.299474,2508.3,26.0897
0.341211,2509.67,26.1377
0.357947,2510.58,26.2361
0.357947,2510.58,26.2361
0.372137,2511.42,26.3434
0.416421,2512.34,26.4516
0.416421,2512.34,26.4516
0.416421,2512.34,26.4516
0.520579,2513.8,26.8054
0.520579,2513.8,26.8054
0.55207,2515.19,27.0995
0.582224,2516.14,27.404
0.582224,2516.14,27.404
0.692432,2517.01,27.6985
0.882421,2517.94,28.031
0.882421,2517.94,28.031
1,2518.93,28.4451
1,2519.86,28.7263
1,2519.86,28.7263
1,2520.82,29.1612
1,2521.85,29.6167
1,2521.85,29.6167
0.891954,2522.79,30.0433
1,2523.8,30.5065
1,2523.8,30.5065
1,2523.8,30.5065
1,2525.67,31.3151
1,2526.72,31.7948
1,2526.72,31.7948
0.826161,2527.83,32.2659
0.875058,2528.85,32.2659
0.875058,2528.85,32.7098
1,2529.94,33.1485
1,2530.7,33.4713
1,2530.7,33.4713
1,2531.81,33.9456
1,2532.94,34.4281
1,2532.94,34.4281
1,2532.94,34.4281
0.851702,2534.89,35.1324
0.85829,2535.98,35.4574
0.85829,2535.98,35.4574
0,2537.09,35.6402
0,2538.33,35.6402
0,2538.33,35.6531
1,2539.51,35.8116
1,2539.51,35.8116
1,2540.7,36.1203
1,2541.79,36.5338
1,2541.79,36.5338
0.767659,2543.01,37.0044
0.715099,2543.87,37.324
0.715099,2543.87,37.324
0.681197,2545.55,37.9118
0.681197,2545.55,37.9118
0.684108,2546.69,38.1456
0.684973,2547.51,38.2561
0.688642,2548.78,38.4358
0.688642,2548.78,38.4358
0.694304,2550.13,38.6846
0.700144,2551.42,38.9639
0.700144,2551.42,38.9639
0.706126,2552.6,39.2409
0.711103,2553.91,39.5389
0.711103,2553.91,39.5389
1,2555.23,39.8967
1,2556.56,39.8967
1,2556.56,40.3328
1,2557.83,40.8029
1,2557.83,40.8029
1,2559.68,41.3302
1,2560.64,41.5678
1,2560.64,41.5678
1,2562.45,42.056
1,2562.45,42.056
1,2563.82,42.4102
1,2565.24,42.7728
1,2565.24,42.7728
1,2566.74,43.1562
1,2568.11,43.4931
1,2568.11,43.4931
1,2569.64,43.861
1,2569.64,43.861
1,2571.1,44.2172
1,2572.58,44.554
1,2572.58,44.554
1,2574.61,45.0234
1,2574.61,45.0234
1,2576.12,45.4012
1,2577.63,45.7485
1,2577.63,45.7485
1,2579.19,46.091
1,2579.19,46.091
1,2581.19,46.5316
1,2582.82,46.5316
1,2582.82,46.884
1,2584.41,47.2104
1,2584.41,47.2104
1,2585.98,47.53
1,2587.57,47.8655
1,2587.57,47.8655
1,2589.18,48.2047
1,2590.79,48.524
1,2590.79,48.524
1,2593.06,48.96
1,2593.06,48.96
1,2593.06,48.96
1,2595.77,49.505
1,2595.77,49.505
1,2598.01,49.9102
1,2598.01,49.9102
1,2599.59,50.219
1,2599.59,50.219
1,2601.86,50.6315
1,2603.63,50.9585
1,2603.63,50.9585
1,2605.34,51.2558
0,2607.04,51.2558
0,2607.04,51.2331
0.6,2608.75,51.2115
1,2610.46,51.2115
1,2610.46,51.3235
1,2612.17,51.5609
1,2612.77,51.6736
1,2614.5,52.0691
1,2614.5,52.0691
1,2616.24,52.4764
1,2618,52.8635
1,2618,52.8635
1,2619.75,53.1846
1,2621.53,53.446
1,2621.53,53.446
1,2623.32,53.7089
1,2623.32,53.7089
1,2625.73,54.0659
1,2625.73,54.0659
1,2627.62,54.3136
1,2629.35,54.5564
1,2629.35,54.5564
1,2631.25,54.8229
1,2633.08,55.0638
1,2633.72,55.138
1,2635.56,55.3984
1,2635.56,55.3984
1,2637.31,55.6279
1,2639.26,55.8787
1,2639.26,55.8787
1,2641.77,56.2031
1,2641.77,56.2031
0.996221,2643.65,56.4268
0.474001,2645.53,56.572
0.474001,2645.53,56.572
-0.599947,2647.4,56.16
-1,2647.4,56.16
-1,2649.99,54.8301
-1,2651.7,53.8049
-1,2651.7,53.8049
-1,2653.39,52.8283
-1,2653.39,52.8283
-1,2655.23,51.7389
-1,2655.23,51.7389
-1,2657.51,50.1355
-0.621095,2659.17,49.1995
-0.621095,2659.17,49.1995
0.167052,2660.8,48.7992
0.432474,2662.42,48.6848
0.432474,2662.42,48.6848
0.643253,2664.04,48.673
0.867579,2665.66,48.7657
0.867579,2665.66,48.7657
0.9143895,2667.29,48.9396
0.9594736,2667.29,48.9396
0.9636842,2669.49,49.2431
0.99573683,2671.13,49.2431
0.99573683,2671.13,49.5012
1,2672.87,49.7658
1,2672.87,49.7658
1,2674.43,50.0262
1,2676.1,50.2931
1,2676.1,50.2931
1,2677.87,50.5746
1,2677.87,50.5746
0.837158,2680.12,50.9242
-0.473474,2681.73,50.9242
-0.473474,2681.73,50.6503
-0.9427895,2683.49,49.723
-1,2683.49,49.723
-1,2685.1,48.6745
-1,2686.71,47.6565
-1,2686.71,47.6565
-1,2688.28,46.5673
-1,2689.81,45.4835
-1,2689.81,45.4835
-0.759,2691.8,44.0741
-0.759,2691.8,44.0741
-0.065789,2693.25,43.3215
0.858432,2694.69,43.1986
0.858432,2694.69,43.1986
0.972,2696.11,43.3765
1,2696.11,43.3765
1,2697.63,43.6108
1,2699.01,43.8612
1,2699.01,43.8612
1,2700.45,44.1162
1,2700.45,44.1162
1,2702.44,44.4554
1,2703.93,44.7048
1,2703.93,44.7048
1,2705.42,44.9563
1,2706.97,44.9563
1,2707.43,45.3027
1,2707.43,45.3027
1,2708.94,45.556
1,2710.54,45.8173
1,2710.54,45.8173
1,2711.97,46.0798
1,2713.59,46.3492
1,2713.59,46.3492
1,2715.68,46.7024
1,2715.68,46.7024
1,2717.24,46.9814
1,2718.81,46.9814
1,2718.81,47.2349
1,2720.39,47.5127
1,2720.39,47.5127
1,2722.54,47.8607
1,2722.54,47.8607
1,2724.13,48.1371
0.020537,2725.74,48.1098
0.020537,2725.74,48.1098
-0.642053,2727.79,47.2798
-0.642053,2727.79,47.2798
-0.875947,2729.43,46.4623
-1,2730.96,45.5377
-1,2730.96,45.5377
-1,2732.46,44.6105
-1,2732.46,44.6105
-1,2733.82,43.7326
-1,2735.26,42.862
-1,2735.26,42.862
-0.5,2736.67,41.9825
-1,2737.8,41.1143
-1,2737.8,41.1143
-1,2739.63,40.0155
-1,2739.63,40.0155
-1,2740.95,39.2559
-1,2742.31,38.518
-1,2742.31,38.518
-1,2743.25,37.8371
-1,2743.25,37.8371
-1,2744.92,36.8595
-1,2745.77,36.3434
-1,2745.77,36.3434
-1,2747.39,35.3911
-1,2747.39,35.3911
-1,2748.39,34.7425
-1,2749.57,34.027
-1,2749.57,34.027
-1,2750.68,33.3778
-0.394368,2751.83,32.7815
-0.394368,2751.83,32.7815
0.200473,2752.85,32.3523
0.4426843,2753.96,32.1833
0.4426843,2753.96,32.1833
0.524674,2755.05,32.2152
0.524674,2755.05,32.2152
0.619263,2756.42,32.3567
0.619263,2756.42,32.3567
0.635684,2757.48,32.5114
0.63979,2758.72,32.6853
0.63979,2758.72,32.6853
0.63979,2759.77,32.8277
0.63979,2760.77,32.9653
0.63979,2760.77,32.9653
0.63979,2761.9,33.1297
0.63979,2761.9,33.1297
0.598684,2763.3,33.3032
0.598684,2763.3,33.3032
0.56579,2764.56,33.4237
0.537,2765.69,33.535
0.537,2766.01,33.5766
0.537,2767.05,33.6946
0.537,2767.05,33.6946
0.557579,2768.53,33.862
0.557579,2768.53,33.862
0.561684,2769.77,33.9555
0.56579,2770.92,34.057
0.567432,2771.25,34.0885
0.569895,2772.42,34.2173
0.569895,2772.42,34.2173
0.574,2773.87,34.3746
0.574,2773.87,34.3746
0.578105,2775.17,34.4678
0.582211,2775.17,34.4678
0.582211,2776.28,34.5584
0.586368,2777.46,34.6557
0.586368,2777.46,34.6557
0.594579,2778.59,34.8034
0.606895,2779.74,34.9542
0.611,2780.67,35.0452
0.611,2780.67,35.0452
0.611,2782.19,35.1888
0.611,2782.19,35.1888
0.611,2783.34,35.2998
0.619263,2784.49,35.4267
0.619263,2784.49,35.4267
0.619263,2785.9,35.6081
0.619263,2786.99,35.7423
0.619263,2787.39,35.7864
0.619263,2787.39,35.7864
0.619263,2788.56,35.9182
0.619263,2789.73,36.0584
0.619263,2789.73,36.0584
0.619263,2791.1,36.1932
0.619263,2792.26,36.3213
0.619263,2792.26,36.3213
0.619263,2793.84,36.4998
0.619263,2793.84,36.4998
0.619263,2795.03,36.6547
0.594579,2796.48,36.8159
0.594579,2796.48,36.8159
0.594579,2797.59,36.9495
0.582211,2798.84,37.0561
0.582211,2798.84,37.0561
0.549316,2800.04,37.147
0.537,2801.4,37.2502
0.537,2801.4,37.2502
0.537,2802.59,37.3682
0.537,2802.59,37.3682
0.537,2803.79,37.4823
0.537,2805.06,37.5846
0.537,2805.06,37.5846
0.52879,2806.33,37.6723
0.523863,2807.16,37.7227
0.516421,2808.36,37.7834
0.516421,2808.36,37.7834
0.516421,2809.56,37.8592
0.516421,2810.78,37.9473
0.516421,2810.78,37.9473
0.516421,2812.09,38.0441
0.513137,2813.24,38.114
0.513137,2813.24,38.114
0.506568,2814.45,38.1624
0.479053,2815.73,38.1837
0.479053,2815.73,38.1837
0.454,2816.86,38.2253
0.454,2816.86,38.2253
0.454,2816.86,38.2253
0.362105,2818.98,38.3175
0.299474,2820.14,38.2997
0.299474,2820.14,38.2997
0.224274,2821.37,38.2266
0.128211,2822.54,38.1112
0.0781053,2823.33,38.0283
0.0781053,2823.33,38.0283
-0.5777138,2824.54,37.7151
-0.5777138,2824.54,37.7151
-0.9851655,2826.57,36.6551
-0.9851655,2826.57,36.6551
-0.9816937,2827.59,35.9463
-0.9744795,2828.34,35.5533
-0.9696011,2828.34,35.5533
-0.9696011,2829.47,34.9706
-0.9718821,2830.59,34.4132
-0.9718821,2830.59,34.4132
-0.9817156,2831.69,33.8646
-0.9875913,2832.58,33.2925
-0.9875913,2832.58,33.2925
-0.9849005,2833.7,32.6792
-0.9849005,2833.7,32.6792
-0.9793753,2835.05,31.8956
-0.9742579,2835.77,31.4835
-0.9742579,2835.77,31.4835
-0.5,2837.09,30.7408
-0.5,2837.09,30.7408
-0.5,2837.89,30.1023
-1,2838.85,29.5095
-1,2838.85,29.5095
-1,2839.8,28.8734
-1,2840.74,28.307
-1,2840.74,28.307
-0.808369,2841.66,27.775
-0.253526,2842.56,27.2909
-0.253526,2842.56,27.2909
-0.103158,2843.15,26.8548
-0.0405264,2843.77,26.5922
-0.0405264,2843.77,26.5922
0.0505263,2844.9,26.1765
0.065579,2845.76,25.9434
0.065579,2845.76,25.9434
0.0806,2846.66,25.7651
0.107316,2847.47,25.6622
0.107316,2847.47,25.6622
0.125726,2848.36,25.5621
0.134916,2848.6,25.5011
0.140737,2848.6,25.5011
0.140737,2849.45,25.4191
0.144947,2849.45,25.4191
0.144947,2850.59,25.3327
0.149105,2851.43,25.2795
0.149105,2851.43,25.2795
0.149105,2852.32,25.2274
0.149105,2853.11,25.1777
0.149105,2853.11,25.1777
0.149105,2853.66,25.1289
0.149105,2854.16,25.1013
0.153263,2855.04,25.0599
0.153263,2855.04,25.0599
0.165789,2855.87,25.0041
0.165789,2855.87,25.0041
0.195053,2856.99,24.9418
0.231779,2856.99,24.9418
0.231779,2857.82,24.9358
0.282737,2858.64,24.9663
0.282737,2858.64,24.9663
0.337053,2859.15,25.0169
0.395526,2859.98,25.0833
0.395526,2859.98,25.0833
0.512316,2860.8,25.1845
0.685053,2861.63,25.3751
0.685053,2861.63,25.3751
0.738474,2862.5,25.6318
0.62296,2863.29,25.922
0.62296,2863.29,25.922
0.630701,2863.93,26.2565
0.854515,2864.49,26.5289
1,2865.36,26.9761
1,2865.36,26.9761
1,2866.24,27.4677
1,2866.24,27.4677
1,2867.45,28.16
1,2868.05,28.4914
1,2868.05,28.4914
1,2869.3,29.1584
1,2869.3,29.1584
1,2870.09,29.6481
1,2871.11,30.1615
1,2871.11,30.1615
1,2872.05,30.6461
1,2873.1,31.1775
1,2873.1,31.1775
1,2874.12,31.7578
1,2875.02,32.2569
1,2875.02,32.2569
1,2876.08,32.8277
1,2876.08,32.8277
1,2877.17,33.3111
1,2877.88,33.6166
1,2879.04,34.1121
1,2879.04,34.1121
1,2880.35,34.7501
1,2880.35,34.7501
1,2881.56,35.265
1,2882.68,35.7406
1,2882.68,35.7406
1,2883.92,36.2639
1,2885.13,36.7905
1,2885.13,36.7905
1,2886.12,37.286
0,2886.12,37.286
0,2887.42,37.465
0,2888.67,37.5089
0,2888.67,37.5089
1,2889.91,37.7028
1,2890.98,38.0528
1,2892.26,38.4959
1,2892.26,38.4959
0.778689,2893.61,39.0292
0.712748,2893.61,39.0292
0.715473,2895.38,39.7604
0.715473,2895.38,39.7604
1,2896.44,40.3102
1,2897.86,40.808
1,2897.86,40.808
1,2899.64,41.2993
1,2899.64,41.2993
1,2900.91,41.6914
1,2902.31,42.0474
1,2902.31,42.0474
1,2903.71,42.445
1,2905.13,42.8158
1,2905.13,42.8158
1,2906.42,43.1827
1,2906.42,43.1827
1,2907.87,43.5504
1,2909.32,43.9222
1,2909.32,43.9222
1,2910.79,44.2935
1,2912.18,44.6597
1,2912.18,44.6597
1,2913.67,45.0299
1,2915.26,45.4129
1,2915.26,45.4129
1,2916.64,45.7549
1,2918.25,46.1119
1,2918.25,46.1119
1,2919.8,46.4901
1,2921.33,46.8528
1,2921.33,46.8528
1,2922.89,47.1949
1,2922.89,47.1949
1,2925.02,47.6516
1,2925.02,47.6516
1,2926.62,47.9957
1,2928.3,48.3401
1,2928.3,48.3401
1,2929.83,48.6825
1,2931.46,49.018
1,2931.46,49.018
1,2933.68,49.4661
1,2933.68,49.4661
1,2935.34,49.8051
1,2937.01,50.1378
1,2937.01,50.1378
1,2938.77,50.477
1,2940.46,50.7993
1,2940.46,50.7993
1,2942.17,51.102
1,2942.77,51.2122
0,2944.4,51.3189
0,2944.4,51.3189
0,2946.19,51.2777
0,2946.19,51.2777
1,2948.52,51.4292
1,2950.24,51.7062
1,2950.24,51.7062
1,2951.88,52.0699
1,2953.73,52.5164
1,2953.73,52.5164
1,2956.11,53.0904
1,2956.11,53.0904
1,2957.91,53.3907
1,2957.91,53.3907
1,2960.32,53.7564
1,2960.32,53.7564
1,2962.02,54.0128
1,2963.94,54.2918
1,2964.49,54.3721
1,2966.39,54.6546
1,2966.39,54.6546
1,2968.22,54.917
1,2968.22,54.917
1,2970.72,55.268
1,2972.48,55.5141
1,2972.48,55.5141
1,2974.44,55.7681
1,2974.44,55.7681
1,2976.31,56.0351
1,2978.18,56.2922
1,2978.18,56.2922
1,2980.08,56.5445
1,2981.97,56.7896
1,2982.63,56.8752
1,2984.54,57.1249
1,2984.54,57.1249
1,2986.36,57.3618
1,2986.36,57.3618
1,2989.04,57.699
1,2990.98,57.9436
1,2990.98,57.9436
1,2993.59,58.2741
1,2993.59,58.2741
1,2995.55,58.5112
1,2997.5,58.7356
1,2997.5,58.7356
1,3000.15,59.0711
1,3000.15,59.0711
1,3002.13,59.3027
1,3002.13,59.3027
1,3004.11,59.5303
1,3006.11,59.7663
1,3006.11,59.7663
1,3008.11,59.9984
1,3010.11,60.2237
1,3010.11,60.2237
1,3012.24,60.4462
1,3012.24,60.4462
1,3014.16,60.6721
1,3016.31,60.8923
1,3016.31,60.8923
1,3018.34,61.1168
1,3020.28,61.3236
1,3020.28,61.3236
0,3022.45,61.2966
0.4,3024.49,61.2295
0.4,3024.49,61.2295
1,3026.55,61.2735
1,3028.59,61.4302
1,3028.59,61.4302
1,3030.03,61.6053
1,3032.02,61.9007
1,3032.02,61.9007
1,3034.2,62.2324
1,3036.31,62.4911
1,3036.31,62.4911
1,3038.4,62.6666
1,3040.49,62.8598
1,3040.49,62.8598
1,3042.62,63.0484
1,3044.83,63.2419
1,3044.83,63.2419
1,3046.87,63.4121
1,3049.09,63.5927
1,3049.09,63.5927
1,3051.2,63.7812
1,3051.2,63.7812
1,3053.22,63.9448
1,3055.46,64.1265
1,3055.46,64.1265
1,3057.66,64.3054
1,3059.81,64.4799
1,3059.81,64.4799
1,3061.96,64.6537
1,3064.23,64.8262
1,3064.23,64.8262
1,3066.39,65.0031
1,3066.39,65.0031
1,3069.94,65.2801
1,3069.94,65.2801
1,3072.11,65.4489
1,3074.3,65.6099
1,3074.3,65.6099
1,3083.55,65.7774
1,3083.55,65.9454
1,3083.55,65.9454
1,3083.55,66.1095
1,3083.55,66.2234
1,3083.55,66.2234
1,3083.55,66.3858